source,merchant_id,name,phone,address,city,lat,lng,rating,total_reviews,is_open,url
grabfood,5-C2AXKFWKPAUCCN,Burger House Downtown,,Burger House Downtown,Burger House Downtown,21.032997423683952,105.85461445249427,4.5,986,True,https://food.grab.com/vn/vi/restaurant/5-C2AXKFWKPAUCCN
grabfood,5-C6BZPEKKTN5KPA,Aussie Burger TayHo - Ausstralia Traditional Base 2,,Aussie Burger TayHo - Ausstralia Traditional Base 2,Aussie Burger Tayho - Ausstralia Traditional Base 2,21.020244,105.853029,4.6,623,True,https://food.grab.com/vn/vi/restaurant/5-C6BZPEKKTN5KPA
grabfood,5-CZKKCKKATFEWJ2,"MỲ TRỘN, GÀ CHIÊN KIẾN PHÚC",,"MỲ TRỘN, GÀ CHIÊN KIẾN PHÚC",Gà Chiên Kiến Phúc,21.01377456211317,105.86392674950753,4.8,22,True,https://food.grab.com/vn/vi/restaurant/5-CZKKCKKATFEWJ2
grabfood,VNGFVN000006ic,McDonald's - Hồ Gươm,,McDonald's - Hồ Gươm,Mcdonald'S - Hồ Gươm,21.02528858199358,105.85313321485523,4.3,16387,True,https://food.grab.com/vn/vi/restaurant/VNGFVN000006ic
grabfood,5-C6JTWB5VC8K1MA,The Burger Factory - Downtown,,The Burger Factory - Downtown,The Burger Factory - Downtown,21.03298854343238,105.8545599386864,4.4,217,True,https://food.grab.com/vn/vi/restaurant/5-C6JTWB5VC8K1MA
grabfood,5-C4BYEET2J7EKA2,"The Fish & Chips, Burger, Hot Dog",,"The Fish & Chips, Burger, Hot Dog",Hot Dog,21.033005104122125,105.8545680901363,4.2,238,True,https://food.grab.com/vn/vi/restaurant/5-C4BYEET2J7EKA2
grabfood,5-C7CJAJBWJ32KL2,Mumbai Indian restaurant,,Mumbai Indian restaurant,Mumbai Indian Restaurant,21.02897985344393,105.84136784431985,,,True,https://food.grab.com/vn/vi/restaurant/5-C7CJAJBWJ32KL2
grabfood,5-C6TUVFU3GY5EUE,Bánh Mì Hội An - Hàng Buồm,,Bánh Mì Hội An - Hàng Buồm,Bánh Mì Hội An - Hàng Buồm,21.035696505022514,105.8515757177567,4.5,298,True,https://food.grab.com/vn/vi/restaurant/5-C6TUVFU3GY5EUE
grabfood,5-C34ACFE1V4JVA2,Sasuke - Mì Cay - Khâm Thiên,,Sasuke - Mì Cay - Khâm Thiên,Sasuke - Mì Cay - Khâm Thiên,21.017144379666163,105.83720858274853,4.2,197,True,https://food.grab.com/vn/vi/restaurant/5-C34ACFE1V4JVA2
grabfood,5-C4AGRZNHPFWHEX,Golden Chariot Indian Restaurant - Golden charoit,,Golden Chariot Indian Restaurant - Golden charoit,Golden Chariot Indian Restaurant - Golden Charoit,21.031706679314013,105.84889446363064,3.8,263,True,https://food.grab.com/vn/vi/restaurant/5-C4AGRZNHPFWHEX
grabfood,5-C2J2CYT3PAA3T2,Khổ Qua,,Khổ Qua,Khổ Qua,21.041004993273276,105.84912999998153,4.5,335,True,https://food.grab.com/vn/vi/restaurant/5-C2J2CYT3PAA3T2
grabfood,5-CZMBUFKJG4CXPE,Mì Trộn Thu Trang Online,,Mì Trộn Thu Trang Online,Mì Trộn Thu Trang Online,21.008849,105.864398,4.5,460,True,https://food.grab.com/vn/vi/restaurant/5-CZMBUFKJG4CXPE
grabfood,5-C6JEEFKTNULDCN,Burger Station Phố Cổ,,Burger Station Phố Cổ,Burger Station Phố Cổ,21.032989900487195,105.85463410157865,4.5,178,True,https://food.grab.com/vn/vi/restaurant/5-C6JEEFKTNULDCN
grabfood,5-C7JUABABDCKBUE,Cơm Thố Anh Nguyễn - Kim Đồng,,Cơm Thố Anh Nguyễn - Kim Đồng,Cơm Thố Anh Nguyễn - Kim Đồng,20.9844111,105.8423744,4.3,253,True,https://food.grab.com/vn/vi/restaurant/5-C7JUABABDCKBUE
grabfood,5-C7XENCADJZBWRN,Apna Indian Restaurant,,Apna Indian Restaurant,Apna Indian Restaurant,21.036744,105.846676,4.5,162,True,https://food.grab.com/vn/vi/restaurant/5-C7XENCADJZBWRN
grabfood,5-C7BEJ6VFCJBFUA,"Ô NGON - Mì Trộn Indomie - Trà Bí Đao, Trà Chanh, Trà Tắc",,"Ô NGON - Mì Trộn Indomie - Trà Bí Đao, Trà Chanh, Trà Tắc",Trà Tắc,21.039087,105.866425,4.7,634,True,https://food.grab.com/vn/vi/restaurant/5-C7BEJ6VFCJBFUA
grabfood,5-C73WBB3TLAMZC6,Bánh Tráng Thành Nam - Chùa Bộc,,Bánh Tráng Thành Nam - Chùa Bộc,Bánh Tráng Thành Nam - Chùa Bộc,21.00906078,105.825148,4.1,19,True,https://food.grab.com/vn/vi/restaurant/5-C73WBB3TLAMZC6
grabfood,5-C2B1RYWJCTCEBE,Quán 37 - Thiên Đường Ăn Vặt,,Quán 37 - Thiên Đường Ăn Vặt,Quán 37 - Thiên Đường Ăn Vặt,21.031175889009432,105.85401335771098,4.4,672,True,https://food.grab.com/vn/vi/restaurant/5-C2B1RYWJCTCEBE
grabfood,5-C363BEN1VAWYG6,Cháo sườn Bà Phương,,Cháo sườn Bà Phương,Cháo Sườn Bà Phương,21.028409,105.825963,4.1,507,True,https://food.grab.com/vn/vi/restaurant/5-C363BEN1VAWYG6
grabfood,5-C7TUBF4JLE6ZEJ,GÀ CAY GANGHOUSE,,GÀ CAY GANGHOUSE,Gà Cay Ganghouse,20.9956802,105.8416757,4.9,1407,True,https://food.grab.com/vn/vi/restaurant/5-C7TUBF4JLE6ZEJ
grabfood,5-C63VERDCNAMEHE,Pure Vegetarian Indian Restaurant,,Pure Vegetarian Indian Restaurant,Pure Vegetarian Indian Restaurant,21.033689,105.847894,4.1,399,True,https://food.grab.com/vn/vi/restaurant/5-C63VERDCNAMEHE
grabfood,5-C7C2VU5VSBJ1TX,"GỎI CUỐN FAMILY - Bún trộn, Mỳ Trộn & Nem Nướng Nha Trang - 256 Bạch Đằng",,"GỎI CUỐN FAMILY - Bún trộn, Mỳ Trộn & Nem Nướng Nha Trang - 256 Bạch Đằng",Mỳ Trộn & Nem Nướng Nha Trang - 256 Bạch Đằng,21.02720888258041,105.86066271641556,4.4,204,True,https://food.grab.com/vn/vi/restaurant/5-C7C2VU5VSBJ1TX
grabfood,5-C73ZG4EEUFVBGJ,Nhất Cháo - Cháo Đài Loan & Mì Gà Tần - Khâm Thiên,,Nhất Cháo - Cháo Đài Loan & Mì Gà Tần - Khâm Thiên,Nhất Cháo - Cháo Đài Loan & Mì Gà Tần - Khâm Thiên,21.016010390024743,105.83825556705261,5.0,1,True,https://food.grab.com/vn/vi/restaurant/5-C73ZG4EEUFVBGJ
grabfood,5-C3C1L6NAWEMUTX,Mbakes - Crepe,,Mbakes - Crepe,Mbakes - Crepe,21.03197,105.852092,4.6,465,True,https://food.grab.com/vn/vi/restaurant/5-C3C1L6NAWEMUTX
grabfood,5-C7TDLKJZENWJRT,Cơm Rang Dưa Bò - Mỳ Xào & Mỳ Chua Cay,,Cơm Rang Dưa Bò - Mỳ Xào & Mỳ Chua Cay,Cơm Rang Dưa Bò - Mỳ Xào & Mỳ Chua Cay,21.022148,105.832306,4.4,70,True,https://food.grab.com/vn/vi/restaurant/5-C7TDLKJZENWJRT
grabfood,5-C64DMGLZHCMKJN,Bánh Mì Sài Gòn Tuấn Bee,,Bánh Mì Sài Gòn Tuấn Bee,Bánh Mì Sài Gòn Tuấn Bee,21.030025,105.857529,4.8,50,True,https://food.grab.com/vn/vi/restaurant/5-C64DMGLZHCMKJN
grabfood,5-C6AXAPKTVXAAV2,Shin - Mì Cay & Đồ Ăn Vặt - Khâm Thiên,,Shin - Mì Cay & Đồ Ăn Vặt - Khâm Thiên,Shin - Mì Cay & Đồ Ăn Vặt - Khâm Thiên,21.018337,105.837256,4.2,1497,True,https://food.grab.com/vn/vi/restaurant/5-C6AXAPKTVXAAV2
grabfood,5-C74EA4DCPEUBEA,Tiệm gà nhà TuLu - Gà Rán Online - Lương Định Của,,Tiệm gà nhà TuLu - Gà Rán Online - Lương Định Của,Tiệm Gà Nhà Tulu - Gà Rán Online - Lương Định Của,21.007632,105.834416,4.4,82,True,https://food.grab.com/vn/vi/restaurant/5-C74EA4DCPEUBEA
grabfood,5-C74XKGMYUBNUCT,Rishikesh Indian Restaurant,,Rishikesh Indian Restaurant,Rishikesh Indian Restaurant,21.03480959585515,105.85158420699412,5.0,1,True,https://food.grab.com/vn/vi/restaurant/5-C74XKGMYUBNUCT
grabfood,5-C6UUCELCEN5TC6,Quán Xiên An An - Nem Chua Rán - Đồ ăn vặt - Đại Cồ Việt,,Quán Xiên An An - Nem Chua Rán - Đồ ăn vặt - Đại Cồ Việt,Quán Xiên An An - Nem Chua Rán - Đồ Ăn Vặt - Đại Cồ Việt,21.008233,105.850403,4.8,977,True,https://food.grab.com/vn/vi/restaurant/5-C6UUCELCEN5TC6
grabfood,5-C4CCE8NKVNDDLN,Quán 170 - Cơm Gà & Cơm Văn Phòng - Cầu Đất,,Quán 170 - Cơm Gà & Cơm Văn Phòng - Cầu Đất,Quán 170 - Cơm Gà & Cơm Văn Phòng - Cầu Đất,21.025954421411544,105.86120196202992,4.1,434,True,https://food.grab.com/vn/vi/restaurant/5-C4CCE8NKVNDDLN
grabfood,5-C4BYEET2HE2YR6,BINGXUE HC - Số 2 Hàng Chĩnh,,BINGXUE HC - Số 2 Hàng Chĩnh,Bingxue Hc - Số 2 Hàng Chĩnh,21.035697,105.854054,4.4,256,True,https://food.grab.com/vn/vi/restaurant/5-C4BYEET2HE2YR6
grabfood,5-C7TZJGBHFE5KT2,Bánh Mì - BanMi Tacos Pháp - Hoàng Hoa Thám,,Bánh Mì - BanMi Tacos Pháp - Hoàng Hoa Thám,Bánh Mì - Banmi Tacos Pháp - Hoàng Hoa Thám,21.04158725712485,105.82047361386884,4.9,1043,True,https://food.grab.com/vn/vi/restaurant/5-C7TZJGBHFE5KT2
grabfood,5-C3DCT3ABRKEWEN,Tiệm Mỳ Gà Tần - 14 Chùa Liên Phái,,Tiệm Mỳ Gà Tần - 14 Chùa Liên Phái,Tiệm Mỳ Gà Tần - 14 Chùa Liên Phái,21.005,105.850724,4.3,944,True,https://food.grab.com/vn/vi/restaurant/5-C3DCT3ABRKEWEN
grabfood,5-C3XBNAAYR64XL2,Mì Trộn Indomie 158 - Bùi Ngọc Dương,,Mì Trộn Indomie 158 - Bùi Ngọc Dương,Mì Trộn Indomie 158 - Bùi Ngọc Dương,20.99997931841135,105.85333304719104,4.5,984,True,https://food.grab.com/vn/vi/restaurant/5-C3XBNAAYR64XL2
grabfood,5-C7MZTFC1L2MBJX,Bún Bò Huế 2Bro - Khâm Thiên,,Bún Bò Huế 2Bro - Khâm Thiên,Bún Bò Huế 2Bro - Khâm Thiên,21.019382,105.834209,4.5,274,True,https://food.grab.com/vn/vi/restaurant/5-C7MZTFC1L2MBJX
grabfood,5-C74TGKN1NCMJTE,Breakfast co - Dimsum & Bánh Cuốn Quảng Đông,,Breakfast co - Dimsum & Bánh Cuốn Quảng Đông,Breakfast Co - Dimsum & Bánh Cuốn Quảng Đông,21.041633,105.846867,,,True,https://food.grab.com/vn/vi/restaurant/5-C74TGKN1NCMJTE
grabfood,5-C7JATAABC2MACT,Bánh mỳ Quyên Tân Ấp,,Bánh mỳ Quyên Tân Ấp,Bánh Mỳ Quyên Tân Ấp,21.048576,105.84762,4.6,236,True,https://food.grab.com/vn/vi/restaurant/5-C7JATAABC2MACT
grabfood,5-C2DTR343WF3ATE,Gà Luộc & Gà Ủ Muối Hoa Tiêu - Thanh Nhàn,,Gà Luộc & Gà Ủ Muối Hoa Tiêu - Thanh Nhàn,Gà Luộc & Gà Ủ Muối Hoa Tiêu - Thanh Nhàn,21.002899,105.853782,4.1,2276,True,https://food.grab.com/vn/vi/restaurant/5-C2DTR343WF3ATE
grabfood,5-C6J2EB3UEJ21RE,Anh Da Đen - Mỳ Trộn - Phúc Tân,,Anh Da Đen - Mỳ Trộn - Phúc Tân,Anh Da Đen - Mỳ Trộn - Phúc Tân,21.0364320002,105.856141,4.3,31,True,https://food.grab.com/vn/vi/restaurant/5-C6J2EB3UEJ21RE
grabfood,5-C732T3AYRBKWJE,Mola Burger - Taste the night,,Mola Burger - Taste the night,Mola Burger - Taste The Night,21.047167,105.846138,4.5,6,True,https://food.grab.com/vn/vi/restaurant/5-C732T3AYRBKWJE
grabfood,5-CZKYAANCT8DJA6,Happy Food - Cơm Gà Ba Vì,,Happy Food - Cơm Gà Ba Vì,Happy Food - Cơm Gà Ba Vì,20.998696812529893,105.84252695010377,4.4,784,True,https://food.grab.com/vn/vi/restaurant/5-CZKYAANCT8DJA6
grabfood,5-C7KFMA5ER2C2KE,Bánh Mì Sài Gòn - Minh Sơn - 250 Kim Ngưu,,Bánh Mì Sài Gòn - Minh Sơn - 250 Kim Ngưu,Bánh Mì Sài Gòn - Minh Sơn - 250 Kim Ngưu,21.000323952642617,105.86156093654631,4.7,389,True,https://food.grab.com/vn/vi/restaurant/5-C7KFMA5ER2C2KE
grabfood,5-C74EA4C1A6J2TA,Tiệm Gà Nhà TuLu - Gà Rán Online - Nguyễn Thiếp,,Tiệm Gà Nhà TuLu - Gà Rán Online - Nguyễn Thiếp,Tiệm Gà Nhà Tulu - Gà Rán Online - Nguyễn Thiếp,21.04108700673251,105.84900565888182,4.0,216,True,https://food.grab.com/vn/vi/restaurant/5-C74EA4C1A6J2TA
grabfood,5-C731C7LJLKXWDE,Bếp Nhà Bơ - Mỳ Cay & Đồ Ăn Vặt,,Bếp Nhà Bơ - Mỳ Cay & Đồ Ăn Vặt,Bếp Nhà Bơ - Mỳ Cay & Đồ Ăn Vặt,21.024536806340663,105.83532984519772,3.9,15,True,https://food.grab.com/vn/vi/restaurant/5-C731C7LJLKXWDE
grabfood,5-C3CEAELZREMUGT,Burger Factory - Base 2,,Burger Factory - Base 2,Burger Factory - Base 2,21.033915,105.8202,4.3,386,True,https://food.grab.com/vn/vi/restaurant/5-C3CEAELZREMUGT
grabfood,5-C74TEPACCP61A6,ĐỆ NHẤT BÁNH MÌ SÀI GÒN,,ĐỆ NHẤT BÁNH MÌ SÀI GÒN,Đệ Nhất Bánh Mì Sài Gòn,21.008569,105.860655,5.0,1,True,https://food.grab.com/vn/vi/restaurant/5-C74TEPACCP61A6
grabfood,5-C74EJAKAVFEKJ6,Cơm Gà 2 Béo - 202F Đội Cấn  - Đội Cấn,,Cơm Gà 2 Béo - 202F Đội Cấn  - Đội Cấn,Cơm Gà 2 Béo - 202F Đội Cấn  - Đội Cấn,21.035085678100586,105.8232650756836,,,True,https://food.grab.com/vn/vi/restaurant/5-C74EJAKAVFEKJ6
grabfood,5-C7MJR2CDTEKEEE,Yalla Kebab&Grill,,Yalla Kebab&Grill,Yalla Kebab&Grill,21.034678270042875,105.85193206127985,4.3,585,True,https://food.grab.com/vn/vi/restaurant/5-C7MJR2CDTEKEEE
grabfood,5-C6UKNPNGG7TCSA,Bảo Ngọc Food - Mì Trộn Indomie & Đồ Ăn Vặt - Chùa Quỳnh,,Bảo Ngọc Food - Mì Trộn Indomie & Đồ Ăn Vặt - Chùa Quỳnh,Bảo Ngọc Food - Mì Trộn Indomie & Đồ Ăn Vặt - Chùa Quỳnh,21.0000783,105.8538638,4.3,659,True,https://food.grab.com/vn/vi/restaurant/5-C6UKNPNGG7TCSA
grabfood,5-C2AEEK43CY5YV6,A Điêu - Nem Chua Nướng Thơm Lừng,,A Điêu - Nem Chua Nướng Thơm Lừng,A Điêu - Nem Chua Nướng Thơm Lừng,21.029726,105.858941,4.3,661,True,https://food.grab.com/vn/vi/restaurant/5-C2AEEK43CY5YV6
grabfood,5-C74BMGNZAJDJSE,Bánh Mì Giò Chả Thuỷ Hùng,,Bánh Mì Giò Chả Thuỷ Hùng,Bánh Mì Giò Chả Thuỷ Hùng,21.032895,105.856189,5.0,8,True,https://food.grab.com/vn/vi/restaurant/5-C74BMGNZAJDJSE
grabfood,5-C6TGAJ6DVNDFE2,Gà Rán - Mỳ Trộn & Ăn Vặt - Thái Hà,,Gà Rán - Mỳ Trộn & Ăn Vặt - Thái Hà,Gà Rán - Mỳ Trộn & Ăn Vặt - Thái Hà,21.016395020929608,105.81721987037906,4.5,410,True,https://food.grab.com/vn/vi/restaurant/5-C6TGAJ6DVNDFE2
grabfood,5-C7UEWENBC4LKKA,Tacos Pháp 18k Phạm Ngọc Thạch,,Tacos Pháp 18k Phạm Ngọc Thạch,Tacos Pháp 18K Phạm Ngọc Thạch,21.0087097,105.8348353,3.9,55,True,https://food.grab.com/vn/vi/restaurant/5-C7UEWENBC4LKKA
grabfood,5-C63JL4BUVY2WJT,Cháo Sườn Sụn Phố Cổ - Cháo Gia Truyền - Nguyễn Đức Cảnh,,Cháo Sườn Sụn Phố Cổ - Cháo Gia Truyền - Nguyễn Đức Cảnh,Cháo Sườn Sụn Phố Cổ - Cháo Gia Truyền - Nguyễn Đức Cảnh,21.033412,105.853768,4.2,14,True,https://food.grab.com/vn/vi/restaurant/5-C63JL4BUVY2WJT
grabfood,5-C26DMACJLRAFEA,"Hey Bro - Burger, Pizza, Spaghetti & Fast Food (Base 3)",,"Hey Bro - Burger, Pizza, Spaghetti & Fast Food (Base 3)",Spaghetti & Fast Food (Base 3),21.034277,105.82019,4.4,678,True,https://food.grab.com/vn/vi/restaurant/5-C26DMACJLRAFEA
grabfood,5-C3CZE7MKCJJ1CJ,"Thanh Food- Mì Trộn Indomie,Bánh Mì,Trà Sữa,Đồ Ăn Vặt",,"Thanh Food- Mì Trộn Indomie,Bánh Mì,Trà Sữa,Đồ Ăn Vặt",Đồ Ăn Vặt,21.008072641470427,105.82350330476297,,,True,https://food.grab.com/vn/vi/restaurant/5-C3CZE7MKCJJ1CJ
grabfood,5-C7LJVLE2NP3AJN,7–Eleven Food - 5 Bà Triệu HK,,7–Eleven Food - 5 Bà Triệu HK,7–Eleven Food - 5 Bà Triệu Hk,21.02548612134965,105.8517799320345,4.4,73,True,https://food.grab.com/vn/vi/restaurant/5-C7LJVLE2NP3AJN
grabfood,5-C3M1R25UT2UYE2,Kem kẹp Singapore Hawker Star Hà Nội,,Kem kẹp Singapore Hawker Star Hà Nội,Kem Kẹp Singapore Hawker Star Hà Nội,21.03227543780684,105.8521506100658,5.0,2,True,https://food.grab.com/vn/vi/restaurant/5-C3M1R25UT2UYE2
grabfood,5-C7XKSEM2AGNVT2,"Shin Chicken - Gà Rán Nguyên Con, Mì Cay & Kimbap",,"Shin Chicken - Gà Rán Nguyên Con, Mì Cay & Kimbap",Mì Cay & Kimbap,21.007619,105.834332,4.3,20,True,https://food.grab.com/vn/vi/restaurant/5-C7XKSEM2AGNVT2
grabfood,5-C6U1CXVGRKMJLT,"Bếp Nhà Chang - Cơm, Mỳ & Cháo",,"Bếp Nhà Chang - Cơm, Mỳ & Cháo",Mỳ & Cháo,21.014885,105.817843,3.8,429,True,https://food.grab.com/vn/vi/restaurant/5-C6U1CXVGRKMJLT
grabfood,5-C733TA3TNAWHCJ,Fizz Off Kombucha,,Fizz Off Kombucha,Fizz Off Kombucha,21.01406792,105.8349594,5.0,5,True,https://food.grab.com/vn/vi/restaurant/5-C733TA3TNAWHCJ
grabfood,5-C3ETLJ6YKBBJLJ,"Burger & Gà Rán, Cơm Gà Le Pain Lee",,"Burger & Gà Rán, Cơm Gà Le Pain Lee",Cơm Gà Le Pain Lee,21.020869640672036,105.83885972445665,4.3,1243,True,https://food.grab.com/vn/vi/restaurant/5-C3ETLJ6YKBBJLJ
grabfood,5-CYKUNB3WTKUAVE,Khanh Nem Chua Rán - Tạm Thương,,Khanh Nem Chua Rán - Tạm Thương,Khanh Nem Chua Rán - Tạm Thương,21.031196,105.84789,4.3,421,True,https://food.grab.com/vn/vi/restaurant/5-CYKUNB3WTKUAVE
grabfood,VNGFVN000009as,Em Thúy - Nem Chua Nướng,,Em Thúy - Nem Chua Nướng,Em Thúy - Nem Chua Nướng,21.02934012,105.84891061428571,4.4,359,True,https://food.grab.com/vn/vi/restaurant/VNGFVN000009as
grabfood,5-C36BT2AJAXW2LA,Mì Trộn Indomie - Mì Trộn Ngon Nhất Thế Giới - 68 Ngõ Trung Tiền,,Mì Trộn Indomie - Mì Trộn Ngon Nhất Thế Giới - 68 Ngõ Trung Tiền,Mì Trộn Indomie - Mì Trộn Ngon Nhất Thế Giới - 68 Ngõ Trung Tiền,21.02042940528382,105.83834345569875,4.7,994,True,https://food.grab.com/vn/vi/restaurant/5-C36BT2AJAXW2LA
grabfood,5-C4AVAXNVJXJKLX,"Trà Sữa Winggo - Trà Sữa Kem Trứng Nướng, Trà Hoa Quả & Matcha - 75 Tuệ Tĩnh",,"Trà Sữa Winggo - Trà Sữa Kem Trứng Nướng, Trà Hoa Quả & Matcha - 75 Tuệ Tĩnh",Trà Hoa Quả & Matcha - 75 Tuệ Tĩnh,21.015225648005455,105.84859594635714,4.7,805,True,https://food.grab.com/vn/vi/restaurant/5-C4AVAXNVJXJKLX
grabfood,5-C74EGJTHVTBCJN,Hadramout Mandi Makki Restaurant,,Hadramout Mandi Makki Restaurant,Hadramout Mandi Makki Restaurant,21.0365559,105.848682,,,True,https://food.grab.com/vn/vi/restaurant/5-C74EGJTHVTBCJN
grabfood,5-C7JVMCA3MBDZG2,Cơm Thố Anh Nguyễn - Phố Vọng,,Cơm Thố Anh Nguyễn - Phố Vọng,Cơm Thố Anh Nguyễn - Phố Vọng,20.995730860739677,105.84295082288475,4.5,181,True,https://food.grab.com/vn/vi/restaurant/5-C7JVMCA3MBDZG2
grabfood,5-C74CNXJGGUVVJJ,Nước Ép Trái Cây U Băng - Trần Nhân Tông,,Nước Ép Trái Cây U Băng - Trần Nhân Tông,Nước Ép Trái Cây U Băng - Trần Nhân Tông,21.01699017,105.8490805,,,True,https://food.grab.com/vn/vi/restaurant/5-C74CNXJGGUVVJJ
grabfood,VNGFVN0000071m,Cơm Rang Dưa Bò Bà Dung,,Cơm Rang Dưa Bò Bà Dung,Cơm Rang Dưa Bò Bà Dung,21.035480643642167,105.85340034961699,3.7,3981,True,https://food.grab.com/vn/vi/restaurant/VNGFVN0000071m
grabfood,5-CZEVTTXAUEUAA6,Ken Food - Xiên Que & Đồ Ăn Vặt - Kim Mã,,Ken Food - Xiên Que & Đồ Ăn Vặt - Kim Mã,Ken Food - Xiên Que & Đồ Ăn Vặt - Kim Mã,21.03249249,105.8287677,4.6,1315,True,https://food.grab.com/vn/vi/restaurant/5-CZEVTTXAUEUAA6
grabfood,5-C72CTPVTLVDFVJ,HakyFood - Ship đồ ăn đêm Hà Nội,,HakyFood - Ship đồ ăn đêm Hà Nội,Hakyfood - Ship Đồ Ăn Đêm Hà Nội,21.018489,105.828441,4.5,47,True,https://food.grab.com/vn/vi/restaurant/5-C72CTPVTLVDFVJ
grabfood,5-C3DGEF21GF4FAJ,GÀ TƯƠI MẠNH HOẠCH - NGUYỄN VĂN CỪ,,GÀ TƯƠI MẠNH HOẠCH - NGUYỄN VĂN CỪ,Gà Tươi Mạnh Hoạch - Nguyễn Văn Cừ,21.048134199248025,105.88009851102109,4.6,524,True,https://food.grab.com/vn/vi/restaurant/5-C3DGEF21GF4FAJ
grabfood,5-C6WTMFNCTKNGRX,HiMin sweet,,HiMin sweet,Himin Sweet,21.067844,105.833687,4.6,274,True,https://food.grab.com/vn/vi/restaurant/5-C6WTMFNCTKNGRX
grabfood,5-C4AGRAAEWBUKL2,POKE BOWL HaNoi - Healthy Food & Coffee,,POKE BOWL HaNoi - Healthy Food & Coffee,Poke Bowl Hanoi - Healthy Food & Coffee,21.061657487273063,105.8206245981735,4.4,319,True,https://food.grab.com/vn/vi/restaurant/5-C4AGRAAEWBUKL2
grabfood,5-C33VGZNUJY2TG6,Saigon Cafein,,Saigon Cafein,Saigon Cafein,21.024553,105.862185,4.8,456,True,https://food.grab.com/vn/vi/restaurant/5-C33VGZNUJY2TG6
grabfood,5-C3LYFB5FJJACME,"Mr.Khoai - Gà rán, khoai lắc & gà viên",,"Mr.Khoai - Gà rán, khoai lắc & gà viên",Khoai Lắc & Gà Viên,21.019423,105.802971,4.1,138,True,https://food.grab.com/vn/vi/restaurant/5-C3LYFB5FJJACME
grabfood,5-C4MZEZNYKCKUAE,Cháo Sườn Sụn 18 - Cháo Gia Truyền - Hàng Bè,,Cháo Sườn Sụn 18 - Cháo Gia Truyền - Hàng Bè,Cháo Sườn Sụn 18 - Cháo Gia Truyền - Hàng Bè,21.033386,105.853756,4.2,47,True,https://food.grab.com/vn/vi/restaurant/5-C4MZEZNYKCKUAE
grabfood,5-C74CJXEKHGMAJ6,"M2M - Bánh, Trà & Cà Phê",,"M2M - Bánh, Trà & Cà Phê",Trà & Cà Phê,21.024162,105.825513,3.6,5,True,https://food.grab.com/vn/vi/restaurant/5-C74CJXEKHGMAJ6
grabfood,5-C7VCCX3BCTNKRT,Tiệm gà rán Mix Chicken Nghĩa Tân,,Tiệm gà rán Mix Chicken Nghĩa Tân,Tiệm Gà Rán Mix Chicken Nghĩa Tân,21.034382,105.784333,4.8,42,True,https://food.grab.com/vn/vi/restaurant/5-C7VCCX3BCTNKRT
grabfood,5-C6ACC8MTTNNBTT,"Mộc Quán - Cơm Tấm, Cơm Gà, Đồ Ăn Vặt - Nguyễn Khánh Toàn",,"Mộc Quán - Cơm Tấm, Cơm Gà, Đồ Ăn Vặt - Nguyễn Khánh Toàn",Đồ Ăn Vặt - Nguyễn Khánh Toàn,21.036387,105.804305,3.5,242,True,https://food.grab.com/vn/vi/restaurant/5-C6ACC8MTTNNBTT
grabfood,5-C6BAGPKKR3XXA2,Pizza Margheritta,,Pizza Margheritta,Pizza Margheritta,21.058218,105.806946,4.7,782,True,https://food.grab.com/vn/vi/restaurant/5-C6BAGPKKR3XXA2
grabfood,5-C7TEHCADHGKDRN,"Nem Nướng Nha Trang, Nước Ép và Đồ Ăn Vặt",,"Nem Nướng Nha Trang, Nước Ép và Đồ Ăn Vặt",Nước Ép Và Đồ Ăn Vặt,21.036473168049255,105.78612293482684,3.7,247,True,https://food.grab.com/vn/vi/restaurant/5-C7TEHCADHGKDRN
grabfood,5-C7MKRTEGUGDYLJ,Bếp Cô Huê - Kimbap & Tokbokki & Cá Viên Chiên - Dịch Vọng,,Bếp Cô Huê - Kimbap & Tokbokki & Cá Viên Chiên - Dịch Vọng,Bếp Cô Huê - Kimbap & Tokbokki & Cá Viên Chiên - Dịch Vọng,21.0322212,105.793503,4.8,109,True,https://food.grab.com/vn/vi/restaurant/5-C7MKRTEGUGDYLJ
grabfood,5-C2VKSCDFCX2FWA,Tiệm Gà Rán Mix Chicken,,Tiệm Gà Rán Mix Chicken,Tiệm Gà Rán Mix Chicken,21.034469,105.785017,4.4,1476,True,https://food.grab.com/vn/vi/restaurant/5-C2VKSCDFCX2FWA
grabfood,5-CY2UERLWLPBYGT,Bánh gà Mix Chicken,,Bánh gà Mix Chicken,Bánh Gà Mix Chicken,21.034391,105.784981,4.6,508,True,https://food.grab.com/vn/vi/restaurant/5-CY2UERLWLPBYGT
grabfood,5-C731JT4XNU3YUA,"Hidu House - Mì Ý, Pizza & Salad - Đường Láng",,"Hidu House - Mì Ý, Pizza & Salad - Đường Láng",Pizza & Salad - Đường Láng,21.021594846809958,105.80214085172162,4.3,1558,True,https://food.grab.com/vn/vi/restaurant/5-C731JT4XNU3YUA
grabfood,5-C4DKAFWEEUBAGX,BÚN TRỘN NAM BỘ HOÀNG PHỐ - KHÚC THỪA DỤ,,BÚN TRỘN NAM BỘ HOÀNG PHỐ - KHÚC THỪA DỤ,Bún Trộn Nam Bộ Hoàng Phố - Khúc Thừa Dụ,21.033828,105.792043,3.7,170,True,https://food.grab.com/vn/vi/restaurant/5-C4DKAFWEEUBAGX
grabfood,5-C66YEN4WE26WG2,Gà rán Hàn Quốc KyoDon Chicken Xuân Thuỷ,,Gà rán Hàn Quốc KyoDon Chicken Xuân Thuỷ,Gà Rán Hàn Quốc Kyodon Chicken Xuân Thuỷ,21.034476,105.785011,4.4,210,True,https://food.grab.com/vn/vi/restaurant/5-C66YEN4WE26WG2
grabfood,5-C7MKNGEBE23TGT,"Ichi Food - Cháo , Súp , Mỳ - Trần Thái Tông",,"Ichi Food - Cháo , Súp , Mỳ - Trần Thái Tông",Mỳ - Trần Thái Tông,21.034866354922855,105.7902135888175,4.2,277,True,https://food.grab.com/vn/vi/restaurant/5-C7MKNGEBE23TGT
grabfood,5-C7WFJYXKCP2DRE,Nem Nướng Nha Trang Tâm Việt - Quan Hoa,,Nem Nướng Nha Trang Tâm Việt - Quan Hoa,Nem Nướng Nha Trang Tâm Việt - Quan Hoa,21.036745,105.800036,4.1,163,True,https://food.grab.com/vn/vi/restaurant/5-C7WFJYXKCP2DRE
grabfood,5-C74CKAWAL6XTVT,Bánh Mì Cơm Tấm Xôi Mặn Trúc Thanh Sài Gòn,,Bánh Mì Cơm Tấm Xôi Mặn Trúc Thanh Sài Gòn,Bánh Mì Cơm Tấm Xôi Mặn Trúc Thanh Sài Gòn,21.03714659,105.8195806,,,True,https://food.grab.com/vn/vi/restaurant/5-C74CKAWAL6XTVT
grabfood,5-C7NGGB4JN8NYFE,BÁNH MÌ HEO QUAY 27 NGHĨA ĐÔ,,BÁNH MÌ HEO QUAY 27 NGHĨA ĐÔ,Bánh Mì Heo Quay 27 Nghĩa Đô,21.048681,105.795235,4.5,207,True,https://food.grab.com/vn/vi/restaurant/5-C7NGGB4JN8NYFE
grabfood,5-C74GERMVJJTBVT,Thế giới ăn đêm Hà Nội - Shop Online,,Thế giới ăn đêm Hà Nội - Shop Online,Thế Giới Ăn Đêm Hà Nội - Shop Online,21.010975,105.814621,4.9,14,True,https://food.grab.com/vn/vi/restaurant/5-C74GERMVJJTBVT
grabfood,5-C2WCNJU3SEBBTT,Đức Food - Mì trộn Indomie - Nguyễn Khánh Toàn,,Đức Food - Mì trộn Indomie - Nguyễn Khánh Toàn,Đức Food - Mì Trộn Indomie - Nguyễn Khánh Toàn,21.038584,105.803757,4.5,795,True,https://food.grab.com/vn/vi/restaurant/5-C2WCNJU3SEBBTT
grabfood,5-C6VCJGL2EUXCJX,Xuân Food - Mì Trộn Indomie - Láng,,Xuân Food - Mì Trộn Indomie - Láng,Xuân Food - Mì Trộn Indomie - Láng,21.01962858646941,105.80249010733031,4.0,330,True,https://food.grab.com/vn/vi/restaurant/5-C6VCJGL2EUXCJX
grabfood,5-C73VEEXCN6BXGA,Ngõ Ăn Vặt - Thành Công,,Ngõ Ăn Vặt - Thành Công,Ngõ Ăn Vặt - Thành Công,21.021658,105.814651,4.0,4,True,https://food.grab.com/vn/vi/restaurant/5-C73VEEXCN6BXGA
grabfood,5-C4B1A6UVSCCGWE,KFC - Đường Nguyễn Văn Huyên - Hà Nội,,KFC - Đường Nguyễn Văn Huyên - Hà Nội,Kfc - Đường Nguyễn Văn Huyên - Hà Nội,21.038423570479328,105.79749723959854,4.1,898,True,https://food.grab.com/vn/vi/restaurant/5-C4B1A6UVSCCGWE
grabfood,5-C7JYFBAYFBKFAE,Đức Food - Mì Trộn Indomie - Láng,,Đức Food - Mì Trộn Indomie - Láng,Đức Food - Mì Trộn Indomie - Láng,21.024291,105.801065,4.5,205,True,https://food.grab.com/vn/vi/restaurant/5-C7JYFBAYFBKFAE
grabfood,VNGFVN000003cc,Chân Gà Nướng Thịnh Vượng,,Chân Gà Nướng Thịnh Vượng,Chân Gà Nướng Thịnh Vượng,21.03113187146675,105.83201916898213,4.5,2583,True,https://food.grab.com/vn/vi/restaurant/VNGFVN000003cc
grabfood,5-C4JJSFVUNVL1R2,Mixue Nguyễn Văn Huyên,,Mixue Nguyễn Văn Huyên,Mixue Nguyễn Văn Huyên,21.034572445879135,105.79726047271402,4.1,258,True,https://food.grab.com/vn/vi/restaurant/5-C4JJSFVUNVL1R2
grabfood,5-C64VRU63SANBBE,Mỳ Cay 7 Cấp Độ - Đường Láng,,Mỳ Cay 7 Cấp Độ - Đường Láng,Mỳ Cay 7 Cấp Độ - Đường Láng,21.026669,105.801208,4.0,200,True,https://food.grab.com/vn/vi/restaurant/5-C64VRU63SANBBE
grabfood,5-C35TMEUCRNAYLN,Anh Gió Đồ Ăn Vặt - Nem Chua Rán - Xiên Que,,Anh Gió Đồ Ăn Vặt - Nem Chua Rán - Xiên Que,Anh Gió Đồ Ăn Vặt - Nem Chua Rán - Xiên Que,21.038515,105.803895,4.4,304,True,https://food.grab.com/vn/vi/restaurant/5-C35TMEUCRNAYLN
grabfood,5-C3AAVCDCA8AXHA,Đức Food - Mì Trộn Indomie Chính Kinh,,Đức Food - Mì Trộn Indomie Chính Kinh,Đức Food - Mì Trộn Indomie Chính Kinh,21.00099514455998,105.81036779947055,4.6,2997,True,https://food.grab.com/vn/vi/restaurant/5-C3AAVCDCA8AXHA
grabfood,5-C7N1E2WBCBLWAN,Trà Sữa Wait Tea - Dương Quảng Hàm,,Trà Sữa Wait Tea - Dương Quảng Hàm,Trà Sữa Wait Tea - Dương Quảng Hàm,21.035244,105.800186,4.3,58,True,https://food.grab.com/vn/vi/restaurant/5-C7N1E2WBCBLWAN
grabfood,5-C74DWEXAGZEYCJ,Chim Quay 162 - Mễ Trì Thượng,,Chim Quay 162 - Mễ Trì Thượng,Chim Quay 162 - Mễ Trì Thượng,21.007132,105.77726,5.0,9,True,https://food.grab.com/vn/vi/restaurant/5-C74DWEXAGZEYCJ
grabfood,5-C7A1MFMZNEJBEJ,Yến Food- Mì Trộn Indomie & Đồ Ăn Vặt - Ngõ 97 Văn Cao,,Yến Food- Mì Trộn Indomie & Đồ Ăn Vặt - Ngõ 97 Văn Cao,Yến Food- Mì Trộn Indomie & Đồ Ăn Vặt - Ngõ 97 Văn Cao,21.039103014051094,105.81670391062494,4.5,307,True,https://food.grab.com/vn/vi/restaurant/5-C7A1MFMZNEJBEJ
grabfood,5-C2ATEGDZTT4XDE,Gà Luộc & Gà Ủ Muối Thanh Mai - Trần Thái Tông,,Gà Luộc & Gà Ủ Muối Thanh Mai - Trần Thái Tông,Gà Luộc & Gà Ủ Muối Thanh Mai - Trần Thái Tông,21.03335603,105.7865836,4.3,4468,True,https://food.grab.com/vn/vi/restaurant/5-C2ATEGDZTT4XDE
grabfood,5-C7AXAYWFVRN1LN,Chân Gà Sốt Thái & Ăn Vặt Nhà Nhem,,Chân Gà Sốt Thái & Ăn Vặt Nhà Nhem,Chân Gà Sốt Thái & Ăn Vặt Nhà Nhem,21.015004155937447,105.79442289087461,4.5,248,True,https://food.grab.com/vn/vi/restaurant/5-C7AXAYWFVRN1LN
grabfood,5-C7EXMCMEEJLCDA,"Bún Riêu Tóp Mỡ, Hương Vị Xưa - Tôn Thất Tùng",,"Bún Riêu Tóp Mỡ, Hương Vị Xưa - Tôn Thất Tùng",Hương Vị Xưa - Tôn Thất Tùng,21.005319,105.830763,3.8,453,True,https://food.grab.com/vn/vi/restaurant/5-C7EXMCMEEJLCDA
grabfood,5-C73VV7LGTTJKA6,Bánh Mì & Xôi Mặn 2003,,Bánh Mì & Xôi Mặn 2003,Bánh Mì & Xôi Mặn 2003,21.0116400953392,105.79959501635533,4.7,34,True,https://food.grab.com/vn/vi/restaurant/5-C73VV7LGTTJKA6
grabfood,5-C74UEN6KEE2JRN,"Bếp nhà Duyên - Sữa chua , caramen và đồ ăn vặt - ngõ Phạm Thận Duật",,"Bếp nhà Duyên - Sữa chua , caramen và đồ ăn vặt - ngõ Phạm Thận Duật",Caramen Và Đồ Ăn Vặt - Ngõ Phạm Thận Duật,21.044068,105.7791832,5.0,6,True,https://food.grab.com/vn/vi/restaurant/5-C74UEN6KEE2JRN
grabfood,5-C73VANKYCKDJSE,BUMTRO - Bún Trộn Nam Bộ - Đỗ Đức Dục,,BUMTRO - Bún Trộn Nam Bộ - Đỗ Đức Dục,Bumtro - Bún Trộn Nam Bộ - Đỗ Đức Dục,21.008714323161556,105.78046733131777,4.1,1931,True,https://food.grab.com/vn/vi/restaurant/5-C73VANKYCKDJSE
grabfood,5-C3BGNU5ERNTJLN,Trung Vịt - Vịt Vân Đình,,Trung Vịt - Vịt Vân Đình,Trung Vịt - Vịt Vân Đình,21.03726662248384,105.80221258911973,4.1,47,True,https://food.grab.com/vn/vi/restaurant/5-C3BGNU5ERNTJLN
grabfood,5-C6VXSGNDJLBKCT,Mixue 40 Nguyễn Phong Sắc,,Mixue 40 Nguyễn Phong Sắc,Mixue 40 Nguyễn Phong Sắc,21.038671,105.790703,4.4,271,True,https://food.grab.com/vn/vi/restaurant/5-C6VXSGNDJLBKCT
grabfood,5-C74TENJABF5DHA,Mỳ Gà Tần - Cơm Gà Mắm Nhĩ 206 Nguyễn Văn Tuyết,,Mỳ Gà Tần - Cơm Gà Mắm Nhĩ 206 Nguyễn Văn Tuyết,Mỳ Gà Tần - Cơm Gà Mắm Nhĩ 206 Nguyễn Văn Tuyết,21.0116705,105.8183593,,,True,https://food.grab.com/vn/vi/restaurant/5-C74TENJABF5DHA
grabfood,5-C3VKNNN1JCLUJX,Chimico -  Cơm Hàn chuẩn vị,,Chimico -  Cơm Hàn chuẩn vị,Chimico -  Cơm Hàn Chuẩn Vị,21.021100620083473,105.80344720008316,,,True,https://food.grab.com/vn/vi/restaurant/5-C3VKNNN1JCLUJX
grabfood,5-C74UCENKTT5JAE,Nướng Trung Hoa 520 China BBQ ShaoKao Trung Kính,,Nướng Trung Hoa 520 China BBQ ShaoKao Trung Kính,Nướng Trung Hoa 520 China Bbq Shaokao Trung Kính,21.015372635093286,105.7951385766778,3.6,11,True,https://food.grab.com/vn/vi/restaurant/5-C74UCENKTT5JAE
grabfood,5-C2CTVNCALPAXE6,Chân Cánh Gà Nướng - ANDU Quán,,Chân Cánh Gà Nướng - ANDU Quán,Chân Cánh Gà Nướng - Andu Quán,21.03904414,105.801675,4.3,1478,True,https://food.grab.com/vn/vi/restaurant/5-C2CTVNCALPAXE6
grabfood,5-CZJEBF3GL8AGPE,Mỳ Trộn Indomie Gấu Bé,,Mỳ Trộn Indomie Gấu Bé,Mỳ Trộn Indomie Gấu Bé,21.038988,105.803085,4.4,2385,True,https://food.grab.com/vn/vi/restaurant/5-CZJEBF3GL8AGPE
grabfood,5-C74AV8BFUBL3DE,88F1 - Mỳ cay - Bún đậu và nem nướng,,88F1 - Mỳ cay - Bún đậu và nem nướng,88F1 - Mỳ Cay - Bún Đậu Và Nem Nướng,21.014075,105.778191,4.6,17,True,https://food.grab.com/vn/vi/restaurant/5-C74AV8BFUBL3DE
grabfood,5-C3UKN262WENKVE,"Burger & Gà Rán, Cơm Gà Le Pain Lee - Cầu Giấy",,"Burger & Gà Rán, Cơm Gà Le Pain Lee - Cầu Giấy",Cơm Gà Le Pain Lee - Cầu Giấy,21.030845,105.795321,4.2,1163,True,https://food.grab.com/vn/vi/restaurant/5-C3UKN262WENKVE
grabfood,5-C2ABNJEKL4LXR2,XÔI HỌ CÔNG - XÔI XÉO PHÚ THƯỢNG - XÔI THỊT TRỨNG CHẢ - 37/44 TRẦN THÁI TÔNG,,XÔI HỌ CÔNG - XÔI XÉO PHÚ THƯỢNG - XÔI THỊT TRỨNG CHẢ - 37/44 TRẦN THÁI TÔNG,Xôi Họ Công - Xôi Xéo Phú Thượng - Xôi Thịt Trứng Chả - 37/44 Trần Thái Tông,21.034111,105.787856,4.6,1684,True,https://food.grab.com/vn/vi/restaurant/5-C2ABNJEKL4LXR2
grabfood,5-C66WGYVTTCMWPA,Ốc Phê Sài Gòn - 70 Đỗ Đức Dục,,Ốc Phê Sài Gòn - 70 Đỗ Đức Dục,Ốc Phê Sài Gòn - 70 Đỗ Đức Dục,21.007772,105.781197,4.1,183,True,https://food.grab.com/vn/vi/restaurant/5-C66WGYVTTCMWPA
grabfood,5-C7MKTEW1RXMWLT,Nhem Nhem - Thế Giới Ăn Vặt & Mì Trộn Indomie,,Nhem Nhem - Thế Giới Ăn Vặt & Mì Trộn Indomie,Nhem Nhem - Thế Giới Ăn Vặt & Mì Trộn Indomie,21.01299628784963,105.77815937870587,4.7,219,True,https://food.grab.com/vn/vi/restaurant/5-C7MKTEW1RXMWLT
grabfood,5-C36AJYM2JT4WE2,Trà sữa Mixue - Khúc Thừa Dụ,,Trà sữa Mixue - Khúc Thừa Dụ,Trà Sữa Mixue - Khúc Thừa Dụ,21.034451,105.792958,4.4,1006,True,https://food.grab.com/vn/vi/restaurant/5-C36AJYM2JT4WE2
grabfood,5-C7EEERKWGKMYNX,Mỳ Cay 7 Cấp Độ Hàn Quốc - Chính Kinh,,Mỳ Cay 7 Cấp Độ Hàn Quốc - Chính Kinh,Mỳ Cay 7 Cấp Độ Hàn Quốc - Chính Kinh,20.99912131357914,105.81209758971272,4.5,516,True,https://food.grab.com/vn/vi/restaurant/5-C7EEERKWGKMYNX
grabfood,5-C6AFKBB3NKKGRX,Mỳ Cay Seoul - A12 Nghĩa Tân,,Mỳ Cay Seoul - A12 Nghĩa Tân,Mỳ Cay Seoul - A12 Nghĩa Tân,21.043703170691018,105.79274338328861,4.2,575,True,https://food.grab.com/vn/vi/restaurant/5-C6AFKBB3NKKGRX
grabfood,5-C7XYBBLGV8NCA6,Lờ Đờ Food - Cầu Giấy,,Lờ Đờ Food - Cầu Giấy,Lờ Đờ Food - Cầu Giấy,21.0329935,105.7993554,4.8,24,True,https://food.grab.com/vn/vi/restaurant/5-C7XYBBLGV8NCA6
grabfood,5-C74DJ2DGGBMCTE,LACO TACOS Phan Văn Trường,,LACO TACOS Phan Văn Trường,Laco Tacos Phan Văn Trường,21.040024138156667,105.78609612432962,,,True,https://food.grab.com/vn/vi/restaurant/5-C74DJ2DGGBMCTE
grabfood,5-C7J3NCLANPKZLJ,Xôi Làng Nghề Phú Thượng,,Xôi Làng Nghề Phú Thượng,Xôi Làng Nghề Phú Thượng,21.019755,105.803335,4.9,2332,True,https://food.grab.com/vn/vi/restaurant/5-C7J3NCLANPKZLJ
grabfood,5-C63CBB4WEYMCGE,Bánh Mì Sài Gòn Minh Kiên - 381 Nguyễn Khang,,Bánh Mì Sài Gòn Minh Kiên - 381 Nguyễn Khang,Bánh Mì Sài Gòn Minh Kiên - 381 Nguyễn Khang,21.026802,105.798027,4.2,156,True,https://food.grab.com/vn/vi/restaurant/5-C63CBB4WEYMCGE
grabfood,5-C73JSEWKLBBYCE,Bông - xiên bẩn - cầu giấy,,Bông - xiên bẩn - cầu giấy,Bông - Xiên Bẩn - Cầu Giấy,21.028713,105.7977816,4.7,9,True,https://food.grab.com/vn/vi/restaurant/5-C73JSEWKLBBYCE
grabfood,5-C32YGCBGTTLZG6,"Trà Sữa Winggo - Trà Sữa Kem Trứng Nướng, Trà Hoa Quả & Matcha - 473 Nguyễn Khang",,"Trà Sữa Winggo - Trà Sữa Kem Trứng Nướng, Trà Hoa Quả & Matcha - 473 Nguyễn Khang",Trà Hoa Quả & Matcha - 473 Nguyễn Khang,21.029298746685598,105.800143252917,4.8,626,True,https://food.grab.com/vn/vi/restaurant/5-C32YGCBGTTLZG6
grabfood,5-C74JJXADLKXBNX,"SAN JUICE - Hoa Quả Gọt Sẵn ,Nước Ép & Sinh Tố",,"SAN JUICE - Hoa Quả Gọt Sẵn ,Nước Ép & Sinh Tố",Nước Ép & Sinh Tố,21.044504,105.778908,5.0,4,True,https://food.grab.com/vn/vi/restaurant/5-C74JJXADLKXBNX
grabfood,5-C6XDUEXVGKMDDE,Trà Sữa Wait Tea - Trần Quốc Vượng,,Trà Sữa Wait Tea - Trần Quốc Vượng,Trà Sữa Wait Tea - Trần Quốc Vượng,21.03460083364866,105.78429865229658,4.1,253,True,https://food.grab.com/vn/vi/restaurant/5-C6XDUEXVGKMDDE
grabfood,5-C6AWG7KKUAXUVE,Shin - Mì Cay & Đồ Ăn Vặt - Hoàng Ngân,,Shin - Mì Cay & Đồ Ăn Vặt - Hoàng Ngân,Shin - Mì Cay & Đồ Ăn Vặt - Hoàng Ngân,21.00774368832552,105.8091933476801,4.3,875,True,https://food.grab.com/vn/vi/restaurant/5-C6AWG7KKUAXUVE
grabfood,5-C73UV4J2CNE1LN,Mỳ Cay Yoon - Đồ Ăn Hàn Quốc,,Mỳ Cay Yoon - Đồ Ăn Hàn Quốc,Mỳ Cay Yoon - Đồ Ăn Hàn Quốc,21.014076013600928,105.80205392810944,5.0,1,True,https://food.grab.com/vn/vi/restaurant/5-C73UV4J2CNE1LN
grabfood,5-C3WDFCAAJXXECT,Mì Trộn Indomie 158 - Thành Công,,Mì Trộn Indomie 158 - Thành Công,Mì Trộn Indomie 158 - Thành Công,21.023631,105.814124,4.4,573,True,https://food.grab.com/vn/vi/restaurant/5-C3WDFCAAJXXECT
grabfood,5-C7AWNZMHATUBWA,Bánh Mì Tuhu Bread - Trần Quốc Vượng,,Bánh Mì Tuhu Bread - Trần Quốc Vượng,Bánh Mì Tuhu Bread - Trần Quốc Vượng,21.035338,105.785689,4.2,282,True,https://food.grab.com/vn/vi/restaurant/5-C7AWNZMHATUBWA
grabfood,5-C7T3A7T1T3LTE6,TOKKI BANG - 6 Vũ Phạm Hàm,,TOKKI BANG - 6 Vũ Phạm Hàm,Tokki Bang - 6 Vũ Phạm Hàm,21.014492,105.795685,4.9,31,True,https://food.grab.com/vn/vi/restaurant/5-C7T3A7T1T3LTE6
grabfood,5-C2CTUFVVTETHNT,Hoàng Huệ - Cơm Rang Và Bún Bò Trộn - Chùa Láng,,Hoàng Huệ - Cơm Rang Và Bún Bò Trộn - Chùa Láng,Hoàng Huệ - Cơm Rang Và Bún Bò Trộn - Chùa Láng,21.022132,105.801289,,,True,https://food.grab.com/vn/vi/restaurant/5-C2CTUFVVTETHNT
grabfood,5-C74TGN6XVU6TNA,"Tiệm Trà Bông - Trà Trái Cây, Trà Mãng Cầu & Trà Dâu Tằm",,"Tiệm Trà Bông - Trà Trái Cây, Trà Mãng Cầu & Trà Dâu Tằm",Trà Mãng Cầu & Trà Dâu Tằm,21.008566,105.811447,5.0,2,True,https://food.grab.com/vn/vi/restaurant/5-C74TGN6XVU6TNA
grabfood,5-C7CBERLKCAMCE6,Nước ép Nhím Juice,,Nước ép Nhím Juice,Nước Ép Nhím Juice,21.0364075,105.8005639,4.5,27,True,https://food.grab.com/vn/vi/restaurant/5-C7CBERLKCAMCE6
grabfood,5-C73EGKMJVN2YKE,Tiệm Nhà Tâm - Mì Trộn Indomie & Đồ Ăn Vặt,,Tiệm Nhà Tâm - Mì Trộn Indomie & Đồ Ăn Vặt,Tiệm Nhà Tâm - Mì Trộn Indomie & Đồ Ăn Vặt,21.043103,105.779318,4.7,37,True,https://food.grab.com/vn/vi/restaurant/5-C73EGKMJVN2YKE
grabfood,5-C7DWRGLDVNKYME,MIXUE NHÂN HOÀ,,MIXUE NHÂN HOÀ,Mixue Nhân Hoà,21.0020962,105.8065737,4.3,512,True,https://food.grab.com/vn/vi/restaurant/5-C7DWRGLDVNKYME
grabfood,5-C62TFFXZEYKWVT,Mì Cay Tomyum & Mì Tương Đen - Thiên Trù Noodles,,Mì Cay Tomyum & Mì Tương Đen - Thiên Trù Noodles,Mì Cay Tomyum & Mì Tương Đen - Thiên Trù Noodles,20.994427,105.796448,4.3,231,True,https://food.grab.com/vn/vi/restaurant/5-C62TFFXZEYKWVT
grabfood,5-C7T3A7T1VB52CT,TOKKI BANG - 217 Nguyễn Ngọc Vũ,,TOKKI BANG - 217 Nguyễn Ngọc Vũ,Tokki Bang - 217 Nguyễn Ngọc Vũ,21.014271,105.804924,4.8,42,True,https://food.grab.com/vn/vi/restaurant/5-C7T3A7T1VB52CT
grabfood,5-C74FAUN1BEBVVN,Mỳ Cay Korea - Đường Láng,,Mỳ Cay Korea - Đường Láng,Mỳ Cay Korea - Đường Láng,21.0197492,105.8027267,,,True,https://food.grab.com/vn/vi/restaurant/5-C74FAUN1BEBVVN
grabfood,5-C4JKNVAJEVMUN2,"Xân Biển- Viên Chiên, Xiên que, Ăn Vặt - Dịch Vọng",,"Xân Biển- Viên Chiên, Xiên que, Ăn Vặt - Dịch Vọng",Ăn Vặt - Dịch Vọng,21.031647,105.793556,4.6,2029,True,https://food.grab.com/vn/vi/restaurant/5-C4JKNVAJEVMUN2
grabfood,5-C6TXAFLURYCHV6,"A Điêu - Nem Chua Nướng, Mực Nướng Thơm Lừng - CS2: 77 Quan Hoa",,"A Điêu - Nem Chua Nướng, Mực Nướng Thơm Lừng - CS2: 77 Quan Hoa",Mực Nướng Thơm Lừng - Cs2: 77 Quan Hoa,21.032775,105.803124,4.6,106,True,https://food.grab.com/vn/vi/restaurant/5-C6TXAFLURYCHV6
grabfood,5-C3DGEF21GXDBKA,GÀ TƯƠI MẠNH HOẠCH - DUY TÂN,,GÀ TƯƠI MẠNH HOẠCH - DUY TÂN,Gà Tươi Mạnh Hoạch - Duy Tân,21.031429709416628,105.78402476294104,4.2,2361,True,https://food.grab.com/vn/vi/restaurant/5-C3DGEF21GXDBKA
grabfood,5-C7KTN7BHJ8CVEA,"Cháo Ngon Trung Food - Cháo, Súp Đặc Biệt & Mì Xào - Cầu Giấy",,"Cháo Ngon Trung Food - Cháo, Súp Đặc Biệt & Mì Xào - Cầu Giấy",Súp Đặc Biệt & Mì Xào - Cầu Giấy,21.029498710098935,105.79918232234428,4.9,130,True,https://food.grab.com/vn/vi/restaurant/5-C7KTN7BHJ8CVEA
grabfood,5-C3VJR8NJBBJKSE,Tiền Food - Cháo - Cháo Ngon - Mỳ Xào,,Tiền Food - Cháo - Cháo Ngon - Mỳ Xào,Tiền Food - Cháo - Cháo Ngon - Mỳ Xào,21.016908010786892,105.81666160966525,4.7,929,True,https://food.grab.com/vn/vi/restaurant/5-C3VJR8NJBBJKSE
grabfood,5-C6JXJRKTJ3EUBE,"Phở Gà , Cơm Sườn - Thịt Xiên 64/8 Bùi Ngọc Dương",,"Phở Gà , Cơm Sườn - Thịt Xiên 64/8 Bùi Ngọc Dương",Cơm Sườn - Thịt Xiên 64/8 Bùi Ngọc Dương,21.000891696819867,105.85311686753421,3.6,181,True,https://food.grab.com/vn/vi/restaurant/5-C6JXJRKTJ3EUBE
grabfood,5-C7VKC7BAPEW3NA,"BAMISA - Xôi, Bánh Mì Kẹp & Bánh Mì Chảo",,"BAMISA - Xôi, Bánh Mì Kẹp & Bánh Mì Chảo",Bánh Mì Kẹp & Bánh Mì Chảo,20.98343093459944,105.83254596264032,4.4,14,True,https://food.grab.com/vn/vi/restaurant/5-C7VKC7BAPEW3NA
grabfood,5-C2TJCXTULCNKPA,Bánh Mì Dân Tổ - Ngõ Tự Do,,Bánh Mì Dân Tổ - Ngõ Tự Do,Bánh Mì Dân Tổ - Ngõ Tự Do,20.997308,105.846363,4.0,476,True,https://food.grab.com/vn/vi/restaurant/5-C2TJCXTULCNKPA
grabfood,5-C7NHCULET2XDCN,Tiệm gà rán Mix Chicken Tạ Quang Bửu,,Tiệm gà rán Mix Chicken Tạ Quang Bửu,Tiệm Gà Rán Mix Chicken Tạ Quang Bửu,21.001144,105.847877,4.5,997,True,https://food.grab.com/vn/vi/restaurant/5-C7NHCULET2XDCN
grabfood,5-C7N2FALXPE2XAT,Gà rán Panda Giải Phóng,,Gà rán Panda Giải Phóng,Gà Rán Panda Giải Phóng,21.000483,105.848589,4.5,131,True,https://food.grab.com/vn/vi/restaurant/5-C7N2FALXPE2XAT
grabfood,5-C7DHEK5EG75FT6,Bánh Mì Muối Ớt - Chân Gà Nướng - Vũ Luyện,,Bánh Mì Muối Ớt - Chân Gà Nướng - Vũ Luyện,Bánh Mì Muối Ớt - Chân Gà Nướng - Vũ Luyện,20.992552,105.828796,,,True,https://food.grab.com/vn/vi/restaurant/5-C7DHEK5EG75FT6
grabfood,5-C6JEVPKTLEE1LE,"Burger & Gà Rán, Cơm Gà Le Pain Lee - Kim Ngưu",,"Burger & Gà Rán, Cơm Gà Le Pain Lee - Kim Ngưu",Cơm Gà Le Pain Lee - Kim Ngưu,21.001659839632566,105.86103359821203,3.9,412,True,https://food.grab.com/vn/vi/restaurant/5-C6JEVPKTLEE1LE
grabfood,5-C7NFC34YJT4CG6,"iChi food - Cháo , Súp , Mỳ xào & Gà ủ muối - Bùi Ngọc Dương",,"iChi food - Cháo , Súp , Mỳ xào & Gà ủ muối - Bùi Ngọc Dương",Mỳ Xào & Gà Ủ Muối - Bùi Ngọc Dương,21.000603711847944,105.8531732724266,4.3,126,True,https://food.grab.com/vn/vi/restaurant/5-C7NFC34YJT4CG6
grabfood,5-C74EVVLUCULTTX,"Trà Sữa Winggo - Trà Sữa Kem Trứng Nướng, Trà Hoa Quả & Matcha - 96 Tân Mai",,"Trà Sữa Winggo - Trà Sữa Kem Trứng Nướng, Trà Hoa Quả & Matcha - 96 Tân Mai",Trà Hoa Quả & Matcha - 96 Tân Mai,20.983439,105.848897,4.5,2,True,https://food.grab.com/vn/vi/restaurant/5-C74EVVLUCULTTX
grabfood,5-C7VGPA2ZENE1V2,"Bepfood - Gà Ủ Muối , Gà Hun Khói , Gà Luộc - 104 Nguyễn An Ninh",,"Bepfood - Gà Ủ Muối , Gà Hun Khói , Gà Luộc - 104 Nguyễn An Ninh",Gà Luộc - 104 Nguyễn An Ninh,20.9920078,105.8458804,4.7,235,True,https://food.grab.com/vn/vi/restaurant/5-C7VGPA2ZENE1V2
grabfood,5-C7N2LPBFN63UHE,Hải Sản Ngon - Cô Hương,,Hải Sản Ngon - Cô Hương,Hải Sản Ngon - Cô Hương,20.99238814359829,105.82871057234416,,,True,https://food.grab.com/vn/vi/restaurant/5-C7N2LPBFN63UHE
grabfood,5-CYU2RXTZLCAZJJ,McDonald's - Thái Hà,,McDonald's - Thái Hà,Mcdonald'S - Thái Hà,21.009402155876156,105.82391905784606,4.4,9538,True,https://food.grab.com/vn/vi/restaurant/5-CYU2RXTZLCAZJJ
grabfood,5-C74UCGMTUEWVNX,"Sang Food - Cháo, Soup, Mỳ Xào & Đồ Ăn Vặt",,"Sang Food - Cháo, Soup, Mỳ Xào & Đồ Ăn Vặt",Mỳ Xào & Đồ Ăn Vặt,20.998602,105.859612,4.9,548,True,https://food.grab.com/vn/vi/restaurant/5-C74UCGMTUEWVNX
grabfood,5-C3DBA26ZHCJHDE,Gà Luộc - Gà Ủ Muối - Nguyễn Đức Cảnh,,Gà Luộc - Gà Ủ Muối - Nguyễn Đức Cảnh,Gà Luộc - Gà Ủ Muối - Nguyễn Đức Cảnh,20.986892462621825,105.85274449657108,4.4,1939,True,https://food.grab.com/vn/vi/restaurant/5-C3DBA26ZHCJHDE
grabfood,5-C4NXHABDCLM2E2,Bánh Mì Dân Tổ - Phạm Ngọc Thạch,,Bánh Mì Dân Tổ - Phạm Ngọc Thạch,Bánh Mì Dân Tổ - Phạm Ngọc Thạch,21.007149884374456,105.83325952418176,3.9,310,True,https://food.grab.com/vn/vi/restaurant/5-C4NXHABDCLM2E2
grabfood,5-C3BTSB5FNTJ1CJ,Mỳ Cay Hàn Quốc - Anh Vũ - Ngõ 257 Thanh Nhàn,,Mỳ Cay Hàn Quốc - Anh Vũ - Ngõ 257 Thanh Nhàn,Mỳ Cay Hàn Quốc - Anh Vũ - Ngõ 257 Thanh Nhàn,21.00254984075059,105.85313883000435,4.4,347,True,https://food.grab.com/vn/vi/restaurant/5-C3BTSB5FNTJ1CJ
grabfood,5-C7X1PEUBKELCCJ,"Mỳ Cay & Mỳ Trộn - Bánh Mì Muối Ớt, Bánh Tráng Trộn",,"Mỳ Cay & Mỳ Trộn - Bánh Mì Muối Ớt, Bánh Tráng Trộn",Bánh Tráng Trộn,20.98316461740538,105.82636177546294,4.9,38,True,https://food.grab.com/vn/vi/restaurant/5-C7X1PEUBKELCCJ
grabfood,5-C6EDEK3KR3NVEE,Hùng Food - Mì Trộn Indomie - Linh Đàm,,Hùng Food - Mì Trộn Indomie - Linh Đàm,Hùng Food - Mì Trộn Indomie - Linh Đàm,20.963726172978554,105.82028812256891,4.5,488,True,https://food.grab.com/vn/vi/restaurant/5-C6EDEK3KR3NVEE
grabfood,5-C7KET7WYJPLTSE,"Cơm Sườn Cooky - Cơm Tấm, Cơm Sườn Xốt - Trần Đại Nghĩa",,"Cơm Sườn Cooky - Cơm Tấm, Cơm Sườn Xốt - Trần Đại Nghĩa",Cơm Sườn Xốt - Trần Đại Nghĩa,20.99528032565486,105.84545714192114,,,True,https://food.grab.com/vn/vi/restaurant/5-C7KET7WYJPLTSE
grabfood,5-C73XAEWKFFUTVE,Tiệm Vitamin 1993 - Nước ép & Trà Trái Cây,,Tiệm Vitamin 1993 - Nước ép & Trà Trái Cây,Tiệm Vitamin 1993 - Nước Ép & Trà Trái Cây,21.00015709,105.8556741,5.0,7,True,https://food.grab.com/vn/vi/restaurant/5-C73XAEWKFFUTVE
grabfood,5-C74DJ76VC75FFA,"Bếp Mẹ Hổ - Chân Gà Sốt Thái & Phở, Mì Trộn",,"Bếp Mẹ Hổ - Chân Gà Sốt Thái & Phở, Mì Trộn",Mì Trộn,20.981962,105.820665,5.0,4,True,https://food.grab.com/vn/vi/restaurant/5-C74DJ76VC75FFA
grabfood,5-C7JJHBC2L2EJJN,Bếp Nhà Mắm (mì indomie & cá viên chiên) số 5 ngõ 213 trần đại nghĩa,,Bếp Nhà Mắm (mì indomie & cá viên chiên) số 5 ngõ 213 trần đại nghĩa,Bếp Nhà Mắm (Mì Indomie & Cá Viên Chiên) Số 5 Ngõ 213 Trần Đại Nghĩa,20.9987058,105.8461858,4.7,55,True,https://food.grab.com/vn/vi/restaurant/5-C7JJHBC2L2EJJN
grabfood,5-C4NBHFVGSEXTGA,Cháo Ngon Minh Chiến Food - Mỳ xào - Súp gà,,Cháo Ngon Minh Chiến Food - Mỳ xào - Súp gà,Cháo Ngon Minh Chiến Food - Mỳ Xào - Súp Gà,20.986065,105.810165,4.8,2486,True,https://food.grab.com/vn/vi/restaurant/5-C4NBHFVGSEXTGA
grabfood,5-C3WFSFNUVJ5TMA,"Quán Hà Cốm - Các Loại Bún, Cháo Lòng & Đồ Ăn Vặt",,"Quán Hà Cốm - Các Loại Bún, Cháo Lòng & Đồ Ăn Vặt",Cháo Lòng & Đồ Ăn Vặt,20.984508,105.810348,,,True,https://food.grab.com/vn/vi/restaurant/5-C3WFSFNUVJ5TMA
grabfood,5-C7CWVPWFL6XFGJ,Phở Bò Phố Cổ - Sốt Vang,,Phở Bò Phố Cổ - Sốt Vang,Phở Bò Phố Cổ - Sốt Vang,21.0238624,105.8394225,4.6,569,True,https://food.grab.com/vn/vi/restaurant/5-C7CWVPWFL6XFGJ
grabfood,5-C4MUVFN2TZJ1N2,Mỳ Cay & Mỳ Trộn - Tiệm 1991,,Mỳ Cay & Mỳ Trộn - Tiệm 1991,Mỳ Cay & Mỳ Trộn - Tiệm 1991,20.99950407514538,105.87944774826474,4.2,520,True,https://food.grab.com/vn/vi/restaurant/5-C4MUVFN2TZJ1N2
grabfood,5-C3E1L8MKT7VEBA,Gà Luộc Gà Ủ Muối Trường Chinh,,Gà Luộc Gà Ủ Muối Trường Chinh,Gà Luộc Gà Ủ Muối Trường Chinh,21.002598201921963,105.82665465172097,4.4,806,True,https://food.grab.com/vn/vi/restaurant/5-C3E1L8MKT7VEBA
grabfood,5-C73VVEX1JPXJHE,Mì Trộn Siêu Nhanh - Hoàng Mai,,Mì Trộn Siêu Nhanh - Hoàng Mai,Mì Trộn Siêu Nhanh - Hoàng Mai,20.9884,105.855983,4.8,6,True,https://food.grab.com/vn/vi/restaurant/5-C73VVEX1JPXJHE
grabfood,5-C7TKLPUBVJ2UJT,"Khôi Food - Mì Trộn Indomie , Nem chua rán, Lạp xưởng nướng đá và Bánh gà",,"Khôi Food - Mì Trộn Indomie , Nem chua rán, Lạp xưởng nướng đá và Bánh gà",Lạp Xưởng Nướng Đá Và Bánh Gà,21.00055685328817,105.85633183452599,4.9,40,True,https://food.grab.com/vn/vi/restaurant/5-C7TKLPUBVJ2UJT
grabfood,5-C73ZLFLDE4CKAA,"Tahu Ngon - Chè, Tàu Phớ & Hoa Quả Dầm - 65 Lê Thanh Nghị",,"Tahu Ngon - Chè, Tàu Phớ & Hoa Quả Dầm - 65 Lê Thanh Nghị",Tàu Phớ & Hoa Quả Dầm - 65 Lê Thanh Nghị,21.001799819812376,105.84475294254247,5.0,1,True,https://food.grab.com/vn/vi/restaurant/5-C73ZLFLDE4CKAA
grabfood,5-C7CWVUJ2JJ6YEE,Korea Food - Quỳnh Mai,,Korea Food - Quỳnh Mai,Korea Food - Quỳnh Mai,21.0014966147927,105.86010435381289,4.6,37,True,https://food.grab.com/vn/vi/restaurant/5-C7CWVUJ2JJ6YEE
grabfood,5-C4CZCLA1ALDVEN,Cơm Thố - Phố Vọng,,Cơm Thố - Phố Vọng,Cơm Thố - Phố Vọng,20.996194,105.842822,4.3,653,True,https://food.grab.com/vn/vi/restaurant/5-C4CZCLA1ALDVEN
grabfood,5-C66WGGNXCTXVAX,Tim Food - Mì Trộn Indomie & Đồ Ăn Vặt - Lĩnh Nam,,Tim Food - Mì Trộn Indomie & Đồ Ăn Vặt - Lĩnh Nam,Tim Food - Mì Trộn Indomie & Đồ Ăn Vặt - Lĩnh Nam,20.98267,105.878525,4.1,399,True,https://food.grab.com/vn/vi/restaurant/5-C66WGGNXCTXVAX
grabfood,5-C7JGRELJAJAWJA,"Lạp xưởng nướng đá, xiên que, mì trộn indomie - Kim Giang",,"Lạp xưởng nướng đá, xiên que, mì trộn indomie - Kim Giang",Mì Trộn Indomie - Kim Giang,20.977152,105.82428,4.6,388,True,https://food.grab.com/vn/vi/restaurant/5-C7JGRELJAJAWJA
grabfood,5-C732WE4CJFKTA2,Mỳ Cay Jumy,,Mỳ Cay Jumy,Mỳ Cay Jumy,20.99065306553844,105.84238814558712,3.9,7,True,https://food.grab.com/vn/vi/restaurant/5-C732WE4CJFKTA2
grabfood,5-C731HBLBPBCZCT,Xíu Nem Nướng - Nem Lụi & Viên Chiên,,Xíu Nem Nướng - Nem Lụi & Viên Chiên,Xíu Nem Nướng - Nem Lụi & Viên Chiên,20.984011,105.800476,4.4,28,True,https://food.grab.com/vn/vi/restaurant/5-C731HBLBPBCZCT
grabfood,5-C7AANEDYRTVAVJ,Đức chinh - gà ủ muối - gà luộc - gà hun khói - định công,,Đức chinh - gà ủ muối - gà luộc - gà hun khói - định công,Đức Chinh - Gà Ủ Muối - Gà Luộc - Gà Hun Khói - Định Công,20.98080485979401,105.82096948636301,4.7,247,True,https://food.grab.com/vn/vi/restaurant/5-C7AANEDYRTVAVJ
grabfood,5-C3WDJJBETTTFKE,BOBO CHICKEN - Gà Rán Truyền Thống Hàn Quốc,,BOBO CHICKEN - Gà Rán Truyền Thống Hàn Quốc,Bobo Chicken - Gà Rán Truyền Thống Hàn Quốc,20.985077,105.878555,4.6,1112,True,https://food.grab.com/vn/vi/restaurant/5-C3WDJJBETTTFKE
grabfood,5-C733PAAKA3DFGJ,"Mì Trộn Indomie - Nước Ép, Sinh Tố & Đồ Ăn Vặt - Hồng Mai",,"Mì Trộn Indomie - Nước Ép, Sinh Tố & Đồ Ăn Vặt - Hồng Mai",Sinh Tố & Đồ Ăn Vặt - Hồng Mai,20.9972796583469,105.85378440832936,,,True,https://food.grab.com/vn/vi/restaurant/5-C733PAAKA3DFGJ
grabfood,5-C74KLY4TTJLTGA,"Tiệm Nhà Bon - Nước Ép, Trà Trái Cây & Bánh Tráng",,"Tiệm Nhà Bon - Nước Ép, Trà Trái Cây & Bánh Tráng",Trà Trái Cây & Bánh Tráng,20.9827418,105.8477056,5.0,2,True,https://food.grab.com/vn/vi/restaurant/5-C74KLY4TTJLTGA
grabfood,5-C7TUBF4ESF4VAT,Mì Cay Sassin 7 Cấp Độ Hàn Quốc - Chính Kinh,,Mì Cay Sassin 7 Cấp Độ Hàn Quốc - Chính Kinh,Mì Cay Sassin 7 Cấp Độ Hàn Quốc - Chính Kinh,20.999115916434306,105.81209728522106,4.5,142,True,https://food.grab.com/vn/vi/restaurant/5-C7TUBF4ESF4VAT
grabfood,5-C7XTLVCELLKCRJ,"Bánh Mì Sài Gòn, Bánh Bao, Lạp Xưởng Kim Ngưu",,"Bánh Mì Sài Gòn, Bánh Bao, Lạp Xưởng Kim Ngưu",Lạp Xưởng Kim Ngưu,21.000065,105.86158,4.7,51,True,https://food.grab.com/vn/vi/restaurant/5-C7XTLVCELLKCRJ
grabfood,5-C4BYEAAVL8DJNT,Ốc Hiền Béo,,Ốc Hiền Béo,Ốc Hiền Béo,20.991873,105.842705,3.5,28,True,https://food.grab.com/vn/vi/restaurant/5-C4BYEAAVL8DJNT
grabfood,5-C7VBRLCFJ4AER6,"Mì trộn Indomie, lạp xưởng nướng đá, xiên que - Kim Giang",,"Mì trộn Indomie, lạp xưởng nướng đá, xiên que - Kim Giang",Xiên Que - Kim Giang,20.9773373,105.8239901,4.9,30,True,https://food.grab.com/vn/vi/restaurant/5-C7VBRLCFJ4AER6
grabfood,5-C66WLABGEX2WE6,"Quán ăn vặt xịn - Mì trộn , Trà trái cây , viên xiên chiên giòn",,"Quán ăn vặt xịn - Mì trộn , Trà trái cây , viên xiên chiên giòn",Viên Xiên Chiên Giòn,20.997827298320118,105.81753991192119,,,True,https://food.grab.com/vn/vi/restaurant/5-C66WLABGEX2WE6
grabfood,5-C6TUFADBJ2JFEN,Mỳ Cay Hà My,,Mỳ Cay Hà My,Mỳ Cay Hà My,20.98925,105.808884,4.3,514,True,https://food.grab.com/vn/vi/restaurant/5-C6TUFADBJ2JFEN
grabfood,5-C2DDTCMFAP2YJE,"Cơm Ngon Thủy Hùng - Cơm Gà, Sườn, Sườn Cốt Lết",,"Cơm Ngon Thủy Hùng - Cơm Gà, Sườn, Sườn Cốt Lết",Sườn Cốt Lết,20.998757187820658,105.84278897323878,4.4,36,True,https://food.grab.com/vn/vi/restaurant/5-C2DDTCMFAP2YJE
grabfood,5-C74UE4CWABVVCJ,Tiệm trà chanh vivu ngọc hồi,,Tiệm trà chanh vivu ngọc hồi,Tiệm Trà Chanh Vivu Ngọc Hồi,20.9620714,105.8399457,,,True,https://food.grab.com/vn/vi/restaurant/5-C74UE4CWABVVCJ
grabfood,5-C7A1RU23PGNKV6,"Tun - Gà Rán Nguyên Con, Tokboki & Mì Trộn Indomie - Bùi Xương Trạch",,"Tun - Gà Rán Nguyên Con, Tokboki & Mì Trộn Indomie - Bùi Xương Trạch",Tokboki & Mì Trộn Indomie - Bùi Xương Trạch,20.9922694,105.8195659,4.4,16,True,https://food.grab.com/vn/vi/restaurant/5-C7A1RU23PGNKV6
grabfood,5-C74EGFKTA26TBA,Trung Đăng Cafe,,Trung Đăng Cafe,Trung Đăng Cafe,20.9717125,105.8381728,,,True,https://food.grab.com/vn/vi/restaurant/5-C74EGFKTA26TBA
grabfood,5-CZM1JU5ACPAHFA,Miele Pan - Bánh Mỳ & Xôi Ong Vàng,,Miele Pan - Bánh Mỳ & Xôi Ong Vàng,Miele Pan - Bánh Mỳ & Xôi Ong Vàng,20.988902,105.842009,4.7,721,True,https://food.grab.com/vn/vi/restaurant/5-CZM1JU5ACPAHFA
grabfood,5-C7XTVNJZBEDZLT,Jacket Potato,,Jacket Potato,Jacket Potato,21.0357936,105.8515551,4.1,94,True,https://food.grab.com/vn/vi/restaurant/5-C7XTVNJZBEDZLT
grabfood,5-C3AHRKDCAUEDL2,Mì Trộn Mẹ Nhím - Hoàng Mai,,Mì Trộn Mẹ Nhím - Hoàng Mai,Mì Trộn Mẹ Nhím - Hoàng Mai,20.981840523211716,105.85113250922097,4.7,124,True,https://food.grab.com/vn/vi/restaurant/5-C3AHRKDCAUEDL2
grabfood,5-C7LJEE4FVN6XE2,Bếp Huệ - Đồ Ăn Vặt & Mỳ Trộn & Mỳ Cay,,Bếp Huệ - Đồ Ăn Vặt & Mỳ Trộn & Mỳ Cay,Bếp Huệ - Đồ Ăn Vặt & Mỳ Trộn & Mỳ Cay,20.985335,105.87084,4.2,57,True,https://food.grab.com/vn/vi/restaurant/5-C7LJEE4FVN6XE2
grabfood,5-CY4GL4AFC63EC2,Đức Food - Mì Trộn Indomie,,Đức Food - Mì Trộn Indomie,Đức Food - Mì Trộn Indomie,21.004707,105.827391,4.4,1211,True,https://food.grab.com/vn/vi/restaurant/5-CY4GL4AFC63EC2
grabfood,5-C73ELAJEHE3DV2,Tokkibang - 100 Tân Mai,,Tokkibang - 100 Tân Mai,Tokkibang - 100 Tân Mai,20.983595825274378,105.84894262819967,4.8,36,True,https://food.grab.com/vn/vi/restaurant/5-C73ELAJEHE3DV2
grabfood,5-CZEXHE3BRNWKRA,Đàm Nhung Cháo Mỳ Gà Tần cơ sở 1,,Đàm Nhung Cháo Mỳ Gà Tần cơ sở 1,Đàm Nhung Cháo Mỳ Gà Tần Cơ Sở 1,20.988267361840514,105.84715638304459,4.2,341,True,https://food.grab.com/vn/vi/restaurant/5-CZEXHE3BRNWKRA
grabfood,5-CZLAGB3JLUB1NX,Gà Luộc & Gà Ủ Muối Thanh Mai - Hoàng Ngân,,Gà Luộc & Gà Ủ Muối Thanh Mai - Hoàng Ngân,Gà Luộc & Gà Ủ Muối Thanh Mai - Hoàng Ngân,21.007908,105.809029,4.5,7333,True,https://food.grab.com/vn/vi/restaurant/5-CZLAGB3JLUB1NX
grabfood,5-C4JHVNUBRRJYUE,Thủy Hải Sản - 49 Vũ Tông Phan,,Thủy Hải Sản - 49 Vũ Tông Phan,Thủy Hải Sản - 49 Vũ Tông Phan,20.99859,105.817789,4.0,521,True,https://food.grab.com/vn/vi/restaurant/5-C4JHVNUBRRJYUE
grabfood,5-CZKFMA2GMFKDE6,Xuân Food - Mì Trộn Indomie - Vĩnh Hồ,,Xuân Food - Mì Trộn Indomie - Vĩnh Hồ,Xuân Food - Mì Trộn Indomie - Vĩnh Hồ,21.005354,105.821784,4.3,764,True,https://food.grab.com/vn/vi/restaurant/5-CZKFMA2GMFKDE6
grabfood,VNGFVN0000047i,Mr Good Tea - Lạc Trung,,Mr Good Tea - Lạc Trung,Mr Good Tea - Lạc Trung,21.0029411,105.8665705,3.9,223,True,https://food.grab.com/vn/vi/restaurant/VNGFVN0000047i
grabfood,5-C73UC6NTMBJBDE,"Phê 1975 - Matcha Latte, Trà Sữa Socola & Trà Đào Cam Sả",,"Phê 1975 - Matcha Latte, Trà Sữa Socola & Trà Đào Cam Sả",Trà Sữa Socola & Trà Đào Cam Sả,20.99501007,105.8223186,4.0,3,True,https://food.grab.com/vn/vi/restaurant/5-C73UC6NTMBJBDE
grabfood,5-C623TEXXVXUUGX,Mita - Mỳ cay Mỳ trộn Indomie,,Mita - Mỳ cay Mỳ trộn Indomie,Mita - Mỳ Cay Mỳ Trộn Indomie,20.99053561757519,105.84357710222798,4.3,15,True,https://food.grab.com/vn/vi/restaurant/5-C623TEXXVXUUGX
grabfood,5-C74CAEAEGZKHTJ,Chocha - Nước ép - Trà sữa,,Chocha - Nước ép - Trà sữa,Chocha - Nước Ép - Trà Sữa,20.96836873330892,105.82206268843461,5.0,98,True,https://food.grab.com/vn/vi/restaurant/5-C74CAEAEGZKHTJ
grabfood,5-C7DVAFNFE7CEDE,Mì Cay Seoul Korean - Chính Kinh,,Mì Cay Seoul Korean - Chính Kinh,Mì Cay Seoul Korean - Chính Kinh,20.999113664690512,105.8121812394653,4.4,650,True,https://food.grab.com/vn/vi/restaurant/5-C7DVAFNFE7CEDE
grabfood,5-CYVKVKKKNJJVLN,Bà Shin Vlog - Ẩm Thực & Quà Vặt Siêu Ngon - Trương Định,,Bà Shin Vlog - Ẩm Thực & Quà Vặt Siêu Ngon - Trương Định,Bà Shin Vlog - Ẩm Thực & Quà Vặt Siêu Ngon - Trương Định,20.977591,105.843289,4.3,336,True,https://food.grab.com/vn/vi/restaurant/5-CYVKVKKKNJJVLN
grabfood,5-C7NHA63TLTBBUA,"IC FOOD - Mì Trộn Indomie, Mì Cay & Đồ Ăn Vặt - Thịnh Quang",,"IC FOOD - Mì Trộn Indomie, Mì Cay & Đồ Ăn Vặt - Thịnh Quang",Mì Cay & Đồ Ăn Vặt - Thịnh Quang,21.004778,105.820305,4.6,84,True,https://food.grab.com/vn/vi/restaurant/5-C7NHA63TLTBBUA
grabfood,5-C3DYC7LZAFE1J6,Bún Chả Hà Nội Xưa,,Bún Chả Hà Nội Xưa,Bún Chả Hà Nội Xưa,10.791569,106.710177,4.2,2835,True,https://food.grab.com/vn/vi/restaurant/5-C3DYC7LZAFE1J6
grabfood,5-C3U3FCBJE64VLE,Pasta and Pizza Italia,,Pasta and Pizza Italia,Pasta And Pizza Italia,10.768305,106.699839,4.3,405,True,https://food.grab.com/vn/vi/restaurant/5-C3U3FCBJE64VLE
grabfood,5-C36JNLAKHA52R2,Bún Bò - Bánh Canh Cua Hậu Bến Ngự,,Bún Bò - Bánh Canh Cua Hậu Bến Ngự,Bún Bò - Bánh Canh Cua Hậu Bến Ngự,10.7613702,106.6924347,4.7,2378,True,https://food.grab.com/vn/vi/restaurant/5-C36JNLAKHA52R2
grabfood,VNGFVN000006i7,McDonald's - Hoàng Diệu,,McDonald's - Hoàng Diệu,Mcdonald'S - Hoàng Diệu,10.76015508174896,106.6989531,4.4,9270,True,https://food.grab.com/vn/vi/restaurant/VNGFVN000006i7
grabfood,5-C6WUJ6NFCAEJGE,Bánh Mì Mập - Thịt Chả - Huỳnh Mẫn Đạt,,Bánh Mì Mập - Thịt Chả - Huỳnh Mẫn Đạt,Bánh Mì Mập - Thịt Chả - Huỳnh Mẫn Đạt,10.791606088552575,106.7087711948814,3.9,2271,True,https://food.grab.com/vn/vi/restaurant/5-C6WUJ6NFCAEJGE
grabfood,5-C7V2NFTTCKKTAT,XIANG BA LAO - Chinese Food,,XIANG BA LAO - Chinese Food,Xiang Ba Lao - Chinese Food,10.771514809765577,106.70502729158721,4.4,286,True,https://food.grab.com/vn/vi/restaurant/5-C7V2NFTTCKKTAT
grabfood,5-C73UG74HTVJTPE,Cơm - Cơm Phần - Cơm Sườn WinWin,,Cơm - Cơm Phần - Cơm Sườn WinWin,Cơm - Cơm Phần - Cơm Sườn Winwin,10.771128,106.703371,3.9,17,True,https://food.grab.com/vn/vi/restaurant/5-C73UG74HTVJTPE
grabfood,5-C3V1HFNVDEMTHA,Phở Việt Nam - Phạm Hồng Thái,,Phở Việt Nam - Phạm Hồng Thái,Phở Việt Nam - Phạm Hồng Thái,10.77121,106.69629,4.5,1913,True,https://food.grab.com/vn/vi/restaurant/5-C3V1HFNVDEMTHA
grabfood,5-C4EGJK61R8CWAN,Bún Ốc Sườn Cô Sáu - 457 Hai Bà Trưng,,Bún Ốc Sườn Cô Sáu - 457 Hai Bà Trưng,Bún Ốc Sườn Cô Sáu - 457 Hai Bà Trưng,10.79167636766421,106.68700981184008,4.4,3730,True,https://food.grab.com/vn/vi/restaurant/5-C4EGJK61R8CWAN
grabfood,5-C631WGMXCUK2EE,KIMBOWL- Chinese Food,,KIMBOWL- Chinese Food,Kimbowl- Chinese Food,10.771556,106.704979,4.3,904,True,https://food.grab.com/vn/vi/restaurant/5-C631WGMXCUK2EE
grabfood,5-C7EXJ8N2GB5WTX,Lò Vịt Quay Quang Ký 2,,Lò Vịt Quay Quang Ký 2,Lò Vịt Quay Quang Ký 2,10.763753563180302,106.7010638250137,,,True,https://food.grab.com/vn/vi/restaurant/5-C7EXJ8N2GB5WTX
grabfood,5-C7KUMFWTRN6ARN,CƠM TẤM Cô Huyền Calmette,,CƠM TẤM Cô Huyền Calmette,Cơm Tấm Cô Huyền Calmette,10.767351,106.685325,4.5,2001,True,https://food.grab.com/vn/vi/restaurant/5-C7KUMFWTRN6ARN
grabfood,5-C64VUEM3CAKCUE,Chinese Restaurant -Chinese Food(Nhà hàng Trung Quốc),,Chinese Restaurant -Chinese Food(Nhà hàng Trung Quốc),Chinese Restaurant -Chinese Food(Nhà Hàng Trung Quốc),10.761616,106.702301,3.8,958,True,https://food.grab.com/vn/vi/restaurant/5-C64VUEM3CAKCUE
grabfood,5-C7LGLP6BAKTDTA,Koshien Delivery,,Koshien Delivery,Koshien Delivery,10.789985,106.709778,4.5,256,True,https://food.grab.com/vn/vi/restaurant/5-C7LGLP6BAKTDTA
grabfood,5-C3BERTKGG66CHE,Cơm - Cơm Phần - Cơm Sườn WinWin,,Cơm - Cơm Phần - Cơm Sườn WinWin,Cơm - Cơm Phần - Cơm Sườn Winwin,10.771128,106.703371,4.0,1215,True,https://food.grab.com/vn/vi/restaurant/5-C3BERTKGG66CHE
grabfood,5-CYL3WGNJANC2VX,KFC - Đường Nguyễn Thái Học,,KFC - Đường Nguyễn Thái Học,Kfc - Đường Nguyễn Thái Học,10.766972830779409,106.69612906168732,4.4,4394,True,https://food.grab.com/vn/vi/restaurant/5-CYL3WGNJANC2VX
grabfood,5-C6T3ACCATUCGNJ,Lòng Chất - Chuyên Nhậu,,Lòng Chất - Chuyên Nhậu,Lòng Chất - Chuyên Nhậu,10.79451516,106.7019628,4.6,1149,True,https://food.grab.com/vn/vi/restaurant/5-C6T3ACCATUCGNJ
grabfood,5-C3UDLGM1ABXTVX,Cơm Văn Phòng - Cơm Nêu - Ngon Rẻ,,Cơm Văn Phòng - Cơm Nêu - Ngon Rẻ,Cơm Văn Phòng - Cơm Nêu - Ngon Rẻ,10.771175718275984,106.70332596619278,4.0,427,True,https://food.grab.com/vn/vi/restaurant/5-C3UDLGM1ABXTVX
grabfood,5-C3KECPMWTCEZR6,TIỆM HỦ TÍU CHÚ THÀNH - GIA TRUYỀN TỪ 1982 - CN QUẬN 1,,TIỆM HỦ TÍU CHÚ THÀNH - GIA TRUYỀN TỪ 1982 - CN QUẬN 1,Tiệm Hủ Tíu Chú Thành - Gia Truyền Từ 1982 - Cn Quận 1,10.768749,106.700377,4.5,1397,True,https://food.grab.com/vn/vi/restaurant/5-C3KECPMWTCEZR6
grabfood,5-CZEWNB3CJKM3RE,Bánh Mì Hà Nội Ngọc Ánh - Cao Thắng,,Bánh Mì Hà Nội Ngọc Ánh - Cao Thắng,Bánh Mì Hà Nội Ngọc Ánh - Cao Thắng,10.769145,106.68296649130683,4.4,1315,True,https://food.grab.com/vn/vi/restaurant/5-CZEWNB3CJKM3RE
grabfood,5-C7TWABNULZJ2LA,OLa Tacos Ung Văn Khiêm,,OLa Tacos Ung Văn Khiêm,Ola Tacos Ung Văn Khiêm,10.80953,106.71431,4.0,117,True,https://food.grab.com/vn/vi/restaurant/5-C7TWABNULZJ2LA
grabfood,5-C6KHJPKUC3KKFE,Bánh Tráng Trứng Lòng Đào Tóp Mỡ - Gì Cũng Được - Trần Văn Đang,,Bánh Tráng Trứng Lòng Đào Tóp Mỡ - Gì Cũng Được - Trần Văn Đang,Bánh Tráng Trứng Lòng Đào Tóp Mỡ - Gì Cũng Được - Trần Văn Đang,10.782879,106.67905,4.0,3905,True,https://food.grab.com/vn/vi/restaurant/5-C6KHJPKUC3KKFE
grabfood,5-C7AUPEXFFGKGGX,Mangetsu Shochu Bar - Thái Văn Lung,,Mangetsu Shochu Bar - Thái Văn Lung,Mangetsu Shochu Bar - Thái Văn Lung,10.779382069388276,106.70431709684135,4.1,11,True,https://food.grab.com/vn/vi/restaurant/5-C7AUPEXFFGKGGX
grabfood,5-C7EUBF2GNJJXRJ,Bánh mì Hà Nội Hạnh Uyên,,Bánh mì Hà Nội Hạnh Uyên,Bánh Mì Hà Nội Hạnh Uyên,10.807472578602386,106.69745749327723,4.8,630,True,https://food.grab.com/vn/vi/restaurant/5-C7EUBF2GNJJXRJ
grabfood,5-CZJKEKEXRJEBJA,Bún Cá Châu Đốc - Dì Tư,,Bún Cá Châu Đốc - Dì Tư,Bún Cá Châu Đốc - Dì Tư,10.760857,106.706606,4.0,1443,True,https://food.grab.com/vn/vi/restaurant/5-CZJKEKEXRJEBJA
grabfood,5-CZNDJ4MDEJTDVE,Burger King - Phạm Ngũ Lão,,Burger King - Phạm Ngũ Lão,Burger King - Phạm Ngũ Lão,10.76826471860677,106.69269782847795,4.4,4776,True,https://food.grab.com/vn/vi/restaurant/5-CZNDJ4MDEJTDVE
grabfood,5-C7MXVXVAL2U3TE,Mì Trộn Indomie - Đại Thịnh,,Mì Trộn Indomie - Đại Thịnh,Mì Trộn Indomie - Đại Thịnh,10.807953,106.71257,4.7,429,True,https://food.grab.com/vn/vi/restaurant/5-C7MXVXVAL2U3TE
grabfood,5-C7B1L7VTNA43JE,BÒ KHO CÔ TÁM,,BÒ KHO CÔ TÁM,Bò Kho Cô Tám,10.793832,106.690964,4.8,1827,True,https://food.grab.com/vn/vi/restaurant/5-C7B1L7VTNA43JE
grabfood,5-C7NGBAAFR7D1N2,Lucky Rice Bowl-Chinese Food,,Lucky Rice Bowl-Chinese Food,Lucky Rice Bowl-Chinese Food,10.79551,106.718692,4.5,452,True,https://food.grab.com/vn/vi/restaurant/5-C7NGBAAFR7D1N2
grabfood,5-C6VYAYMDLUBJNX,"CUI EXPRESS - PIZZA , BURGER & GREATFOOD",,"CUI EXPRESS - PIZZA , BURGER & GREATFOOD",Burger & Greatfood,10.761518640309262,106.70273625669188,4.3,551,True,https://food.grab.com/vn/vi/restaurant/5-C6VYAYMDLUBJNX
grabfood,5-C7LYFA6BJXUTGT,Bánh Mì Hà Nội Phượng Lộ,,Bánh Mì Hà Nội Phượng Lộ,Bánh Mì Hà Nội Phượng Lộ,10.79797977802015,106.7109619603334,4.8,322,True,https://food.grab.com/vn/vi/restaurant/5-C7LYFA6BJXUTGT
grabfood,5-C4AFR26YTNNZPA,Lotteria - Nguyễn Văn Cừ,,Lotteria - Nguyễn Văn Cừ,Lotteria - Nguyễn Văn Cừ,10.756812,106.685265,4.5,1022,True,https://food.grab.com/vn/vi/restaurant/5-C4AFR26YTNNZPA
grabfood,5-C74GCKXJETBVAN,Bánh tráng tóp mỡ A ĐỦ - Ung Văn Khiêm,,Bánh tráng tóp mỡ A ĐỦ - Ung Văn Khiêm,Bánh Tráng Tóp Mỡ A Đủ - Ung Văn Khiêm,10.807217714580773,106.71313429617129,4.9,25,True,https://food.grab.com/vn/vi/restaurant/5-C74GCKXJETBVAN
grabfood,5-C74UVBNWJYDCJX,"BẾP NHÀ XƯA - XÔI, MÌ, BÚN XÁ XÍU",,"BẾP NHÀ XƯA - XÔI, MÌ, BÚN XÁ XÍU",Bún Xá Xíu,10.801191955091735,106.718890821785,5.0,3,True,https://food.grab.com/vn/vi/restaurant/5-C74UVBNWJYDCJX
grabfood,5-C6XBAN6UA8DVME,DK - Gà Sốt Cay Hàn Quốc - Nguyễn Gia Trí,,DK - Gà Sốt Cay Hàn Quốc - Nguyễn Gia Trí,Dk - Gà Sốt Cay Hàn Quốc - Nguyễn Gia Trí,10.803875640866096,106.71446469803669,4.5,517,True,https://food.grab.com/vn/vi/restaurant/5-C6XBAN6UA8DVME
grabfood,5-C7TDE7WBVF6ATE,Ăn vặt & cá viên Phú Quý,,Ăn vặt & cá viên Phú Quý,Ăn Vặt & Cá Viên Phú Quý,10.807876,106.712555,4.8,325,True,https://food.grab.com/vn/vi/restaurant/5-C7TDE7WBVF6ATE
grabfood,VNGFVN00000036,Bánh Cuốn Hồng Hạnh - Nguyễn Thị Minh Khai,,Bánh Cuốn Hồng Hạnh - Nguyễn Thị Minh Khai,Bánh Cuốn Hồng Hạnh - Nguyễn Thị Minh Khai,10.785418,106.700471,4.4,3933,True,https://food.grab.com/vn/vi/restaurant/VNGFVN00000036
grabfood,5-C7WYTKBEAFUBG6,18 Wan Chuan Xiang Bình Thạnh,,18 Wan Chuan Xiang Bình Thạnh,18 Wan Chuan Xiang Bình Thạnh,10.80057,106.715175,4.4,262,True,https://food.grab.com/vn/vi/restaurant/5-C7WYTKBEAFUBG6
grabfood,5-C3DJWA5ZLE5ZHA,Bún Đậu Mẹt - Đặc Sản Hà Nội,,Bún Đậu Mẹt - Đặc Sản Hà Nội,Bún Đậu Mẹt - Đặc Sản Hà Nội,10.791569,106.710152,4.2,1860,True,https://food.grab.com/vn/vi/restaurant/5-C3DJWA5ZLE5ZHA
grabfood,5-C32YEVEFCAKKTT,Bánh Mì Thịt Nướng Chang’s,,Bánh Mì Thịt Nướng Chang’s,Bánh Mì Thịt Nướng Chang’S,10.800993,106.729034,4.6,255,True,https://food.grab.com/vn/vi/restaurant/5-C32YEVEFCAKKTT
grabfood,5-C3U3C36XVKM2R6,Mì Cay & Trà Sữa Lam Lam - Tân Định,,Mì Cay & Trà Sữa Lam Lam - Tân Định,Mì Cay & Trà Sữa Lam Lam - Tân Định,10.790862,106.690643,4.3,1083,True,https://food.grab.com/vn/vi/restaurant/5-C3U3C36XVKM2R6
grabfood,5-C33BC3AAECN1JA,Mỳ Cay Sasi,,Mỳ Cay Sasi,Mỳ Cay Sasi,10.825654,106.7155,4.1,692,True,https://food.grab.com/vn/vi/restaurant/5-C33BC3AAECN1JA
grabfood,5-C73BRZDTL4A2VT,Popeyes - D2,,Popeyes - D2,Popeyes - D2,10.8031974,106.715834,4.4,7272,True,https://food.grab.com/vn/vi/restaurant/5-C73BRZDTL4A2VT
grabfood,5-CZAYTK3YG8A2CA,Gà rán & Hamburger Bò Miếng HAPI - Vũ Huy Tấn,,Gà rán & Hamburger Bò Miếng HAPI - Vũ Huy Tấn,Gà Rán & Hamburger Bò Miếng Hapi - Vũ Huy Tấn,10.795819,106.694251,4.1,1648,True,https://food.grab.com/vn/vi/restaurant/5-CZAYTK3YG8A2CA
grabfood,5-C74EGE4BR4BWN2,Gà Hấp Hành - Ken Vip,,Gà Hấp Hành - Ken Vip,Gà Hấp Hành - Ken Vip,10.790639107159137,106.71670134111599,5.0,16,True,https://food.grab.com/vn/vi/restaurant/5-C74EGE4BR4BWN2
grabfood,5-C4ACGNNFGB4YVE,Cà Phê Muối Chú Long - Nguyễn Huệ,,Cà Phê Muối Chú Long - Nguyễn Huệ,Cà Phê Muối Chú Long - Nguyễn Huệ,10.77470755,106.7035921,4.5,2889,True,https://food.grab.com/vn/vi/restaurant/5-C4ACGNNFGB4YVE
grabfood,5-C74UCYB2CYXANT,Yến Chưng Nóng Nhà An An,,Yến Chưng Nóng Nhà An An,Yến Chưng Nóng Nhà An An,10.796023,106.713658,5.0,16,True,https://food.grab.com/vn/vi/restaurant/5-C74UCYB2CYXANT
grabfood,5-C7U3C4DTT2N1NT,Gà Chiên Đài Loan - Taiwanese Fried Chicken Cutlet,,Gà Chiên Đài Loan - Taiwanese Fried Chicken Cutlet,Gà Chiên Đài Loan - Taiwanese Fried Chicken Cutlet,10.7682846,106.692512,4.5,191,True,https://food.grab.com/vn/vi/restaurant/5-C7U3C4DTT2N1NT
grabfood,5-C732WBK3CU5ZTN,MéMé - Crepes & Café,,MéMé - Crepes & Café,Mémé - Crepes & Café,10.794724,106.716736,5.0,1,True,https://food.grab.com/vn/vi/restaurant/5-C732WBK3CU5ZTN
grabfood,5-C73UEY31RBXTMA,JEJU CHICKEN - GÀ RÁN HÀN QUỐC - CN QUẬN 1,,JEJU CHICKEN - GÀ RÁN HÀN QUỐC - CN QUẬN 1,Jeju Chicken - Gà Rán Hàn Quốc - Cn Quận 1,10.773165648975084,106.70257137110117,4.3,3,True,https://food.grab.com/vn/vi/restaurant/5-C73UEY31RBXTMA
grabfood,5-CZLVHFBBC3MYA6,THE BLACK TEA,,THE BLACK TEA,The Black Tea,10.786102,106.698999,4.8,810,True,https://food.grab.com/vn/vi/restaurant/5-CZLVHFBBC3MYA6
grabfood,5-C4D3L7NUN6A3MA,Ăn Vặt Cá Viên Chiên Đệ Nhất - Đoàn Văn Bơ,,Ăn Vặt Cá Viên Chiên Đệ Nhất - Đoàn Văn Bơ,Ăn Vặt Cá Viên Chiên Đệ Nhất - Đoàn Văn Bơ,10.761179,106.70384,4.7,1840,True,https://food.grab.com/vn/vi/restaurant/5-C4D3L7NUN6A3MA
grabfood,5-C3WHRFUGEPATEE,Phở Ông Cát Gia Truyền Since 1988,,Phở Ông Cát Gia Truyền Since 1988,Phở Ông Cát Gia Truyền Since 1988,10.76859935656168,106.69317009762756,4.7,2474,True,https://food.grab.com/vn/vi/restaurant/5-C3WHRFUGEPATEE
grabfood,5-C2LWPFXEET2GVX,Trà Sữa MayCha - Nguyễn Huệ,,Trà Sữa MayCha - Nguyễn Huệ,Trà Sữa Maycha - Nguyễn Huệ,10.775245,106.702704,4.2,3467,True,https://food.grab.com/vn/vi/restaurant/5-C2LWPFXEET2GVX
grabfood,5-C342J7KHA8MTV6,The Indian House,,The Indian House,The Indian House,10.773644979505207,106.70254587878068,3.8,13,True,https://food.grab.com/vn/vi/restaurant/5-C342J7KHA8MTV6
grabfood,5-C7AVG7NJGNVUA2,Mì Trộn Indomie Únu,,Mì Trộn Indomie Únu,Mì Trộn Indomie Únu,10.746427,106.674141,4.8,1562,True,https://food.grab.com/vn/vi/restaurant/5-C7AVG7NJGNVUA2
grabfood,5-CZE3L7W1WEWWL6,Tré Trộn Cô Ri- Đông Du,,Tré Trộn Cô Ri- Đông Du,Tré Trộn Cô Ri- Đông Du,10.776052,106.704641,4.6,363,True,https://food.grab.com/vn/vi/restaurant/5-CZE3L7W1WEWWL6
grabfood,5-C74VCA3GJY4XTX,Nem Nướng Nha Trang Ninh Hoà Chú Rin - LandMark 81,,Nem Nướng Nha Trang Ninh Hoà Chú Rin - LandMark 81,Nem Nướng Nha Trang Ninh Hoà Chú Rin - Landmark 81,10.797415,106.72242,5.0,5,True,https://food.grab.com/vn/vi/restaurant/5-C74VCA3GJY4XTX
grabfood,5-C2CUR3WWV3NDV6,"Cá Viên Chiên Sumi - Mì Cay , Đùi Gà Rán , Ăn Vặt - Tôn Đản",,"Cá Viên Chiên Sumi - Mì Cay , Đùi Gà Rán , Ăn Vặt - Tôn Đản",Ăn Vặt - Tôn Đản,10.759049,106.705699,4.6,2263,True,https://food.grab.com/vn/vi/restaurant/5-C2CUR3WWV3NDV6
grabfood,5-C74DFBTFJ6XJJX,Bánh Tráng Ghiền - Bình Thạnh,,Bánh Tráng Ghiền - Bình Thạnh,Bánh Tráng Ghiền - Bình Thạnh,10.795904306827381,106.70998944483824,,,True,https://food.grab.com/vn/vi/restaurant/5-C74DFBTFJ6XJJX
grabfood,5-C73YNNDJC76GG2,TRÀ TẮC CÀ PHÊ – MÈO MEO CHÉM GIÓ,,TRÀ TẮC CÀ PHÊ – MÈO MEO CHÉM GIÓ,Trà Tắc Cà Phê – Mèo Meo Chém Gió,10.8102017,106.713043,5.0,4,True,https://food.grab.com/vn/vi/restaurant/5-C73YNNDJC76GG2
grabfood,5-C7V3NKKFGUUFT6,Trà Hú - Trà Sữa Đậm Hú Hồn - 86 Nguyễn Huệ,,Trà Hú - Trà Sữa Đậm Hú Hồn - 86 Nguyễn Huệ,Trà Hú - Trà Sữa Đậm Hú Hồn - 86 Nguyễn Huệ,10.775312,106.702835,4.6,87,True,https://food.grab.com/vn/vi/restaurant/5-C7V3NKKFGUUFT6
grabfood,5-C7D1C3DUGLJVN2,Phoenix Saigon - 78 Nguyễn Huệ,,Phoenix Saigon - 78 Nguyễn Huệ,Phoenix Saigon - 78 Nguyễn Huệ,10.775203391791049,106.70293132491787,4.5,67,True,https://food.grab.com/vn/vi/restaurant/5-C7D1C3DUGLJVN2
grabfood,5-C6T2CKTDCJ3AA6,Bánh mì rau mầm Caro - Coffee,,Bánh mì rau mầm Caro - Coffee,Bánh Mì Rau Mầm Caro - Coffee,10.79349,106.707993,4.7,1102,True,https://food.grab.com/vn/vi/restaurant/5-C6T2CKTDCJ3AA6
grabfood,5-C6THRXT3CPUEN2,Sri Raja South Indian & Indian Multi Cuisine Food,,Sri Raja South Indian & Indian Multi Cuisine Food,Sri Raja South Indian & Indian Multi Cuisine Food,10.76505,106.690125,4.1,275,True,https://food.grab.com/vn/vi/restaurant/5-C6THRXT3CPUEN2
grabfood,5-C6BACT3UAXACTA,Trà Sữa Moonchaa - Phan Văn Hân,,Trà Sữa Moonchaa - Phan Văn Hân,Trà Sữa Moonchaa - Phan Văn Hân,10.792466,106.708137,4.7,759,True,https://food.grab.com/vn/vi/restaurant/5-C6BACT3UAXACTA
grabfood,5-C6JHJYKTPBMEE2,Quán Ân Điển - Vietnamese Foods,,Quán Ân Điển - Vietnamese Foods,Quán Ân Điển - Vietnamese Foods,10.77747339,106.7044671,4.6,11,True,https://food.grab.com/vn/vi/restaurant/5-C6JHJYKTPBMEE2
grabfood,5-C74UCJMJSAAZJA,Tiệm ăn vặt Bạch Đằng,,Tiệm ăn vặt Bạch Đằng,Tiệm Ăn Vặt Bạch Đằng,10.802036,106.70475,5.0,3,True,https://food.grab.com/vn/vi/restaurant/5-C74UCJMJSAAZJA
grabfood,5-C74CMEVEGUVYN6,Ngôi Nhà Nhỏ,,Ngôi Nhà Nhỏ,Ngôi Nhà Nhỏ,10.804602,106.702475,4.3,4,True,https://food.grab.com/vn/vi/restaurant/5-C74CMEVEGUVYN6
grabfood,5-C73WAPVZJ7E3PE,"YZ Cafe - Hoàng Sa - Cafe, Trà, Sinh Tố, Nước Ép",,"YZ Cafe - Hoàng Sa - Cafe, Trà, Sinh Tố, Nước Ép",Nước Ép,10.7927769,106.7007281,,,True,https://food.grab.com/vn/vi/restaurant/5-C73WAPVZJ7E3PE
grabfood,5-C63UFEUKALCTAX,"Moon Dessert & More - Bánh ngọt, trà sữa & các món tráng miệng",,"Moon Dessert & More - Bánh ngọt, trà sữa & các món tráng miệng",Trà Sữa & Các Món Tráng Miệng,10.751207,106.698685,4.6,711,True,https://food.grab.com/vn/vi/restaurant/5-C63UFEUKALCTAX
grabfood,5-C74VPFA1JAACEN,Nem nướng Nha Trang Ninh Hoà chú Hải - Vinhomes Central Park,,Nem nướng Nha Trang Ninh Hoà chú Hải - Vinhomes Central Park,Nem Nướng Nha Trang Ninh Hoà Chú Hải - Vinhomes Central Park,10.797453306095406,106.72117113611426,5.0,1,True,https://food.grab.com/vn/vi/restaurant/5-C74VPFA1JAACEN
grabfood,5-C4BDV36AR72VJE,Trà Sữa BonCha,,Trà Sữa BonCha,Trà Sữa Boncha,10.803177,106.700146,4.8,2232,True,https://food.grab.com/vn/vi/restaurant/5-C4BDV36AR72VJE
grabfood,VNGFVN00000934,Starbucks Coffee - New World,,Starbucks Coffee - New World,Starbucks Coffee - New World,10.7711166,106.69384192,4.5,2541,True,https://food.grab.com/vn/vi/restaurant/VNGFVN00000934
grabfood,5-C7LAE6UEBFJENE,Soli Tea - Nguyễn Gia Trí,,Soli Tea - Nguyễn Gia Trí,Soli Tea - Nguyễn Gia Trí,10.802793,106.715878,4.7,141,True,https://food.grab.com/vn/vi/restaurant/5-C7LAE6UEBFJENE
grabfood,5-C7BCTBAYAPVKLN,Cá Viên Chiên Đại Lộc,,Cá Viên Chiên Đại Lộc,Cá Viên Chiên Đại Lộc,10.807975,106.712555,4.8,1822,True,https://food.grab.com/vn/vi/restaurant/5-C7BCTBAYAPVKLN
grabfood,5-C7NUGPJULKJ3SA,Tân Hải Vân - Nguyễn Trãi,,Tân Hải Vân - Nguyễn Trãi,Tân Hải Vân - Nguyễn Trãi,10.7692317,106.6902724,4.4,693,True,https://food.grab.com/vn/vi/restaurant/5-C7NUGPJULKJ3SA
grabfood,5-C7NHRKCKTTUTN6,NAMBA - Thái Văn Lung,,NAMBA - Thái Văn Lung,Namba - Thái Văn Lung,10.7799124,106.703876,5.0,1,True,https://food.grab.com/vn/vi/restaurant/5-C7NHRKCKTTUTN6
grabfood,5-C6WXCABWE3J1GE,JALSA - Indian Restaurant,,JALSA - Indian Restaurant,Jalsa - Indian Restaurant,10.77451,106.697746,,,True,https://food.grab.com/vn/vi/restaurant/5-C6WXCABWE3J1GE
grabfood,5-C6EVNU3KVGDBFA,The BLACKSHEEP at Malandro,,The BLACKSHEEP at Malandro,The Blacksheep At Malandro,10.788843619721149,106.69783920442694,4.6,1985,True,https://food.grab.com/vn/vi/restaurant/5-C6EVNU3KVGDBFA
grabfood,5-C74FDB6DVPM1RN,"YZ Cafe - Tân Cảng - Cafe, Trà, Sinh Tố, Nước Ép",,"YZ Cafe - Tân Cảng - Cafe, Trà, Sinh Tố, Nước Ép",Nước Ép,10.799386,106.723009,,,True,https://food.grab.com/vn/vi/restaurant/5-C74FDB6DVPM1RN
grabfood,5-C6JCCND3N4KHEA,Cháo Ếch Singapore A Bảo - Cách Mạng Tháng 8,,Cháo Ếch Singapore A Bảo - Cách Mạng Tháng 8,Cháo Ếch Singapore A Bảo - Cách Mạng Tháng 8,10.790025,106.658762,4.6,677,True,https://food.grab.com/vn/vi/restaurant/5-C6JCCND3N4KHEA
grabfood,5-C733GETZKF4CAA,Vanfood - trương hoàng thanh,,Vanfood - trương hoàng thanh,Vanfood - Trương Hoàng Thanh,10.796722080240357,106.65173115804811,4.8,27,True,https://food.grab.com/vn/vi/restaurant/5-C733GETZKF4CAA
grabfood,5-C6W1RKKJVBK3J2,"Anna Food - Cơm Gà, Mì Trộn, Chân Gà & Ăn Vặt Cá Viên Chiên - CN Tân Bình",,"Anna Food - Cơm Gà, Mì Trộn, Chân Gà & Ăn Vặt Cá Viên Chiên - CN Tân Bình",Chân Gà & Ăn Vặt Cá Viên Chiên - Cn Tân Bình,10.786449519791228,106.65641078353008,4.7,1372,True,https://food.grab.com/vn/vi/restaurant/5-C6W1RKKJVBK3J2
grabfood,5-C7CWEKJ3CRMXCA,Bánh Mì & Xôi - Tân Sơn Nhì,,Bánh Mì & Xôi - Tân Sơn Nhì,Bánh Mì & Xôi - Tân Sơn Nhì,10.798949194206164,106.63201322589285,4.7,473,True,https://food.grab.com/vn/vi/restaurant/5-C7CWEKJ3CRMXCA
grabfood,5-C74FV6V1BBJGG6,Cá Viên Chiên Cô Trang - Ăn Vặt | Chè Dưỡng Nhan & Nước Sâm,,Cá Viên Chiên Cô Trang - Ăn Vặt | Chè Dưỡng Nhan & Nước Sâm,Cá Viên Chiên Cô Trang - Ăn Vặt | Chè Dưỡng Nhan & Nước Sâm,10.7900663,106.6216637,4.8,4,True,https://food.grab.com/vn/vi/restaurant/5-C74FV6V1BBJGG6
grabfood,5-CYXAA75GCK4YA6,Cháo Ếch Singapore 374,,Cháo Ếch Singapore 374,Cháo Ếch Singapore 374,10.799672,106.640709,4.4,203,True,https://food.grab.com/vn/vi/restaurant/5-CYXAA75GCK4YA6
grabfood,5-C7EDGN3ERJ3ZBA,GOLD FOOD - Nguyễn Lộ Trạch,,GOLD FOOD - Nguyễn Lộ Trạch,Gold Food - Nguyễn Lộ Trạch,10.79252,106.61945,4.6,156,True,https://food.grab.com/vn/vi/restaurant/5-C7EDGN3ERJ3ZBA
grabfood,5-C25TLFAEPABZGE,McDonald's - Sân Bay Tân Sơn Nhất,,McDonald's - Sân Bay Tân Sơn Nhất,Mcdonald'S - Sân Bay Tân Sơn Nhất,10.813268054520748,106.66298537524823,4.3,2551,True,https://food.grab.com/vn/vi/restaurant/5-C25TLFAEPABZGE
grabfood,5-C6UEETLFNAMAAX,Gà Tần Gia Bảo - Tân Bình,,Gà Tần Gia Bảo - Tân Bình,Gà Tần Gia Bảo - Tân Bình,10.805308,106.637064,4.8,464,True,https://food.grab.com/vn/vi/restaurant/5-C6UEETLFNAMAAX
grabfood,5-C66UTK6ZTZBYT6,CHEESE BURGER NGUYỄN OANH,,CHEESE BURGER NGUYỄN OANH,Cheese Burger Nguyễn Oanh,10.827782,106.679253,4.7,734,True,https://food.grab.com/vn/vi/restaurant/5-C66UTK6ZTZBYT6
grabfood,5-C732DCDAVNDAGA,Ba Rọi Ngũ Vị - Cơm Sườn Chiên,,Ba Rọi Ngũ Vị - Cơm Sườn Chiên,Ba Rọi Ngũ Vị - Cơm Sườn Chiên,10.767652649595822,106.64109516695201,,,True,https://food.grab.com/vn/vi/restaurant/5-C732DCDAVNDAGA
grabfood,AWjmoT1CcEjWIUmPsqvk,Jollibee - Âu Cơ,,Jollibee - Âu Cơ,Jollibee - Âu Cơ,10.7851476,106.6421754,4.5,6925,True,https://food.grab.com/vn/vi/restaurant/AWjmoT1CcEjWIUmPsqvk
grabfood,5-C73YCN6ELFAJTX,Ốc Chill,,Ốc Chill,Ốc Chill,10.7870205,106.6386259,,,True,https://food.grab.com/vn/vi/restaurant/5-C73YCN6ELFAJTX
grabfood,5-C4D1LENZMAWTCA,Unagi Chan - Cơm Lươn Nhật Bản,,Unagi Chan - Cơm Lươn Nhật Bản,Unagi Chan - Cơm Lươn Nhật Bản,10.791644012477846,106.65731421920708,4.5,866,True,https://food.grab.com/vn/vi/restaurant/5-C4D1LENZMAWTCA
grabfood,5-CZM1GELTT3VASE,Bún Đậu Mắm Tôm 28K,,Bún Đậu Mắm Tôm 28K,Bún Đậu Mắm Tôm 28K,10.805563,106.638693,,,True,https://food.grab.com/vn/vi/restaurant/5-CZM1GELTT3VASE
grabfood,5-C74JJA4XN3A3EA,"Gà Rán Jimama - Gà Rán, Mỳ Ý & Ăn Vặt - 118 Đồng Đen Tân Bình",,"Gà Rán Jimama - Gà Rán, Mỳ Ý & Ăn Vặt - 118 Đồng Đen Tân Bình",Mỳ Ý & Ăn Vặt - 118 Đồng Đen Tân Bình,10.792207,106.644025,4.8,140,True,https://food.grab.com/vn/vi/restaurant/5-C74JJA4XN3A3EA
grabfood,5-C74TG2JJHFCBPE,DuBe bánh tráng nướng phan thiết,,DuBe bánh tráng nướng phan thiết,Dube Bánh Tráng Nướng Phan Thiết,10.787281,106.63449,5.0,2,True,https://food.grab.com/vn/vi/restaurant/5-C74TG2JJHFCBPE
grabfood,5-C7LANA3CEBXCLA,Sinh tố Tiger,,Sinh tố Tiger,Sinh Tố Tiger,10.777145,106.645432,4.9,119,True,https://food.grab.com/vn/vi/restaurant/5-C7LANA3CEBXCLA
grabfood,5-C4NEAEUDEX4WTX,Phở Quỳnh Chính Hiệu - Tân Sơn Nhì,,Phở Quỳnh Chính Hiệu - Tân Sơn Nhì,Phở Quỳnh Chính Hiệu - Tân Sơn Nhì,10.801182889356467,106.63312599641365,4.2,519,True,https://food.grab.com/vn/vi/restaurant/5-C4NEAEUDEX4WTX
grabfood,5-C6TVA66DAVDUJJ,Xôi Mặn - Bánh Bao - Long Duyên,,Xôi Mặn - Bánh Bao - Long Duyên,Xôi Mặn - Bánh Bao - Long Duyên,10.798821500760916,106.63199424665501,4.7,2300,True,https://food.grab.com/vn/vi/restaurant/5-C6TVA66DAVDUJJ
grabfood,5-C74HL62DVUJHJX,Cơm Thố Tiến Phát - Nguyễn Thái Bình,,Cơm Thố Tiến Phát - Nguyễn Thái Bình,Cơm Thố Tiến Phát - Nguyễn Thái Bình,10.796014004158764,106.65169217718648,5.0,10,True,https://food.grab.com/vn/vi/restaurant/5-C74HL62DVUJHJX
grabfood,5-C73ZN6NATNKKWA,Ăn Vặt Đam Mê - Đường 3A,,Ăn Vặt Đam Mê - Đường 3A,Ăn Vặt Đam Mê - Đường 3A,10.7844277,106.6125916,4.9,15,True,https://food.grab.com/vn/vi/restaurant/5-C73ZN6NATNKKWA
grabfood,5-C3TBVT5JV3VFTE,Bột Chiên A Lây,,Bột Chiên A Lây,Bột Chiên A Lây,10.801072,106.624164,4.6,70,True,https://food.grab.com/vn/vi/restaurant/5-C3TBVT5JV3VFTE
grabfood,5-C24XJNLEBCNEJE,Nhoy Tea - Trà Sữa & Ăn Vặt Đêm,,Nhoy Tea - Trà Sữa & Ăn Vặt Đêm,Nhoy Tea - Trà Sữa & Ăn Vặt Đêm,10.782051,106.64418,4.7,4304,True,https://food.grab.com/vn/vi/restaurant/5-C24XJNLEBCNEJE
grabfood,5-C2DERJ4FCGNUGJ,Súp Cua Thảo,,Súp Cua Thảo,Súp Cua Thảo,10.776243,106.632476,4.1,145,True,https://food.grab.com/vn/vi/restaurant/5-C2DERJ4FCGNUGJ
grabfood,5-C7DBNEVJNVMJGX,We Desi Tadka - Indian Vegetarian Restaurant,,We Desi Tadka - Indian Vegetarian Restaurant,We Desi Tadka - Indian Vegetarian Restaurant,10.768287,106.694038,4.2,461,True,https://food.grab.com/vn/vi/restaurant/5-C7DBNEVJNVMJGX
grabfood,5-C74CGJ5ZNA2TGE,Ăn vặt & Cá viên chiên RyNa foods,,Ăn vặt & Cá viên chiên RyNa foods,Ăn Vặt & Cá Viên Chiên Ryna Foods,10.779421,106.639809,5.0,9,True,https://food.grab.com/vn/vi/restaurant/5-C74CGJ5ZNA2TGE
grabfood,5-C2ATE4AEGAKCV2,Nước ép - Sinh Tố - Trà Sữa ST,,Nước ép - Sinh Tố - Trà Sữa ST,Nước Ép - Sinh Tố - Trà Sữa St,10.789749,106.651817,4.8,398,True,https://food.grab.com/vn/vi/restaurant/5-C2ATE4AEGAKCV2
grabfood,5-C7WGL6U1RK41R2,Gà Rán Pizza Mì Ý & Xiên Que Cậu Bé,,Gà Rán Pizza Mì Ý & Xiên Que Cậu Bé,Gà Rán Pizza Mì Ý & Xiên Que Cậu Bé,10.838594,106.601349,4.4,2742,True,https://food.grab.com/vn/vi/restaurant/5-C7WGL6U1RK41R2
grabfood,5-C74UFGCZMF6DTN,Lẩu Khổ Qua Rừng Âu Cơ,,Lẩu Khổ Qua Rừng Âu Cơ,Lẩu Khổ Qua Rừng Âu Cơ,10.77885,106.6451,,,True,https://food.grab.com/vn/vi/restaurant/5-C74UFGCZMF6DTN
grabfood,5-C6JJHAA3V2JYJJ,"Burger & Gà Rán, Cơm Gà Le Pain Lee - Tân Sơn Nhì",,"Burger & Gà Rán, Cơm Gà Le Pain Lee - Tân Sơn Nhì",Cơm Gà Le Pain Lee - Tân Sơn Nhì,10.796264,106.635321,4.2,147,True,https://food.grab.com/vn/vi/restaurant/5-C6JJHAA3V2JYJJ
grabfood,5-C74KGNUDCX3ACN,"COFFEE 24/24 - Cà Phê, Trà & Trà Sữa Ngon - Nguyễn Hồng Đào",,"COFFEE 24/24 - Cà Phê, Trà & Trà Sữa Ngon - Nguyễn Hồng Đào",Trà & Trà Sữa Ngon - Nguyễn Hồng Đào,10.7950011,106.6427143,,,True,https://food.grab.com/vn/vi/restaurant/5-C74KGNUDCX3ACN
grabfood,5-C7WTR6TEVFJVRA,Ăn vặt & cá viên Phú Quý - Âu Cơ,,Ăn vặt & cá viên Phú Quý - Âu Cơ,Ăn Vặt & Cá Viên Phú Quý - Âu Cơ,10.781911853736815,106.64224260532558,4.8,77,True,https://food.grab.com/vn/vi/restaurant/5-C7WTR6TEVFJVRA
grabfood,5-C74GABTANF3KL2,Bún Riêu Tôm Khô Âu Cơ,,Bún Riêu Tôm Khô Âu Cơ,Bún Riêu Tôm Khô Âu Cơ,10.7731737,106.6490556,,,True,https://food.grab.com/vn/vi/restaurant/5-C74GABTANF3KL2
grabfood,5-C7WYT73VJ24TR6,Số 2- Hủ tiếu- Ngô Bệ,,Số 2- Hủ tiếu- Ngô Bệ,Số 2- Hủ Tiếu- Ngô Bệ,10.8025969,106.6416244,,,True,https://food.grab.com/vn/vi/restaurant/5-C7WYT73VJ24TR6
grabfood,5-C4AAMEUEKBLEFA,Ăn Vặt Cá Viên Chiên Salem - Nguyễn Văn Tố,,Ăn Vặt Cá Viên Chiên Salem - Nguyễn Văn Tố,Ăn Vặt Cá Viên Chiên Salem - Nguyễn Văn Tố,10.789225,106.63264,4.7,2192,True,https://food.grab.com/vn/vi/restaurant/5-C4AAMEUEKBLEFA
grabfood,5-C74CGYD1PAWGGT,Mèo Phê Phin - Cà phê muối & Cà phê sữa tươi,,Mèo Phê Phin - Cà phê muối & Cà phê sữa tươi,Mèo Phê Phin - Cà Phê Muối & Cà Phê Sữa Tươi,10.792595,106.651827,4.8,6,True,https://food.grab.com/vn/vi/restaurant/5-C74CGYD1PAWGGT
grabfood,5-C6T3BBE3UFLVRX,"Burger, Gà Rán & Cơm Gà Lee Pian Lee - Kênh Tân Hóa",,"Burger, Gà Rán & Cơm Gà Lee Pian Lee - Kênh Tân Hóa",Gà Rán & Cơm Gà Lee Pian Lee - Kênh Tân Hóa,10.77373375,106.6362148,4.3,302,True,https://food.grab.com/vn/vi/restaurant/5-C6T3BBE3UFLVRX
grabfood,5-C4JCDA6FCUU2GT,BÚN BÒ CÔ BI,,BÚN BÒ CÔ BI,Bún Bò Cô Bi,10.795798383876459,106.64818596153219,4.3,1054,True,https://food.grab.com/vn/vi/restaurant/5-C4JCDA6FCUU2GT
grabfood,5-CZNCNN4ZJAE3CN,Trà Sữa MayCha - Đồng Đen,,Trà Sữa MayCha - Đồng Đen,Trà Sữa Maycha - Đồng Đen,10.79411,106.644782,4.4,5134,True,https://food.grab.com/vn/vi/restaurant/5-CZNCNN4ZJAE3CN
grabfood,5-C74CLVDXFFKGEN,Gà Ủ Muối - Bé Ròm - Huỳnh Thiện Lộc,,Gà Ủ Muối - Bé Ròm - Huỳnh Thiện Lộc,Gà Ủ Muối - Bé Ròm - Huỳnh Thiện Lộc,10.779416108858133,106.63980919807423,5.0,7,True,https://food.grab.com/vn/vi/restaurant/5-C74CLVDXFFKGEN
grabfood,5-C662LFT2GKNTMA,Trái Cây Cheo Fruit - Tân Phú,,Trái Cây Cheo Fruit - Tân Phú,Trái Cây Cheo Fruit - Tân Phú,10.803482697779373,106.63525551632205,4.9,908,True,https://food.grab.com/vn/vi/restaurant/5-C662LFT2GKNTMA
grabfood,5-C7BCRB51WEEULJ,Ăn Vặt & Cá Viên Chiên Salem - Phan Anh,,Ăn Vặt & Cá Viên Chiên Salem - Phan Anh,Ăn Vặt & Cá Viên Chiên Salem - Phan Anh,10.770938,106.623611,4.8,1157,True,https://food.grab.com/vn/vi/restaurant/5-C7BCRB51WEEULJ
grabfood,5-C6WWFCNADADYE6,Quỳnh Chi - BÁNH CUỐN TÂY SƠN BÌNH ĐỊNH,,Quỳnh Chi - BÁNH CUỐN TÂY SƠN BÌNH ĐỊNH,Quỳnh Chi - Bánh Cuốn Tây Sơn Bình Định,10.8001536,106.6449834,4.6,853,True,https://food.grab.com/vn/vi/restaurant/5-C6WWFCNADADYE6
grabfood,5-C6WVGABXTLCTAJ,Mì Cay Vui Hi - KDC Vĩnh Lộc,,Mì Cay Vui Hi - KDC Vĩnh Lộc,Mì Cay Vui Hi - Kdc Vĩnh Lộc,10.815321,106.594101,3.6,735,True,https://food.grab.com/vn/vi/restaurant/5-C6WVGABXTLCTAJ
grabfood,5-C6K3KFKKVE2VLT,Bánh Canh Chìa Hoàng Vũ - Chi Nhánh 2,,Bánh Canh Chìa Hoàng Vũ - Chi Nhánh 2,Bánh Canh Chìa Hoàng Vũ - Chi Nhánh 2,10.793633167408476,106.62872402518413,4.6,941,True,https://food.grab.com/vn/vi/restaurant/5-C6K3KFKKVE2VLT
grabfood,5-C733TA21CVBBA6,Coffit - Trà Sữa & Bánh Mì Que - Nguyễn Sơn,,Coffit - Trà Sữa & Bánh Mì Que - Nguyễn Sơn,Coffit - Trà Sữa & Bánh Mì Que - Nguyễn Sơn,10.7817723,106.6297196,5.0,1,True,https://food.grab.com/vn/vi/restaurant/5-C733TA21CVBBA6
grabfood,5-C73YTAV3EPWZEE,Há Cảo - Bánh Bao Thọ Phát - An Di House Hoàng Xuân Nhị,,Há Cảo - Bánh Bao Thọ Phát - An Di House Hoàng Xuân Nhị,Há Cảo - Bánh Bao Thọ Phát - An Di House Hoàng Xuân Nhị,10.777106,106.645447,4.0,3,True,https://food.grab.com/vn/vi/restaurant/5-C73YTAV3EPWZEE
grabfood,5-C4DVLJBCC4DDV6,Cơm Thố Tiến Phát - Nguyễn Thái Bình,,Cơm Thố Tiến Phát - Nguyễn Thái Bình,Cơm Thố Tiến Phát - Nguyễn Thái Bình,10.796014004158764,106.65169217718648,4.4,1737,True,https://food.grab.com/vn/vi/restaurant/5-C4DVLJBCC4DDV6
grabfood,5-C7BWV7TGDCNETN,7–Eleven Food - 12 Ấp Bắc TB,,7–Eleven Food - 12 Ấp Bắc TB,7–Eleven Food - 12 Ấp Bắc Tb,10.800724957290328,106.64147565504976,4.3,26,True,https://food.grab.com/vn/vi/restaurant/5-C7BWV7TGDCNETN
grabfood,5-C74JJBNBNE2TVX,"Gà Rán Jimama - Gà Rán, Mỳ Ý & Ăn Vặt - 175 Nguyễn Thị Nhỏ Tân Bình",,"Gà Rán Jimama - Gà Rán, Mỳ Ý & Ăn Vặt - 175 Nguyễn Thị Nhỏ Tân Bình",Mỳ Ý & Ăn Vặt - 175 Nguyễn Thị Nhỏ Tân Bình,10.77248,106.65278,4.8,204,True,https://food.grab.com/vn/vi/restaurant/5-C74JJBNBNE2TVX
grabfood,5-C7TEGK6HVBDXLE,"MIGAZ - Mì Trộn, Gà Rán & Ăn Vặt - Hồng Lạc",,"MIGAZ - Mì Trộn, Gà Rán & Ăn Vặt - Hồng Lạc",Gà Rán & Ăn Vặt - Hồng Lạc,10.78619155,106.6420933,4.3,78,True,https://food.grab.com/vn/vi/restaurant/5-C7TEGK6HVBDXLE
grabfood,5-C7THCXBYCP4CWA,Cơm tấm Vân Phát,,Cơm tấm Vân Phát,Cơm Tấm Vân Phát,10.8002293,106.6399418,4.4,9,True,https://food.grab.com/vn/vi/restaurant/5-C7THCXBYCP4CWA
grabfood,5-C732N8BEVKNUA6,Ăn Vặt Nhà Nga Cá Viên Chiên & Combo Ăn Vặt,,Ăn Vặt Nhà Nga Cá Viên Chiên & Combo Ăn Vặt,Ăn Vặt Nhà Nga Cá Viên Chiên & Combo Ăn Vặt,10.776886,106.636191,4.5,13,True,https://food.grab.com/vn/vi/restaurant/5-C732N8BEVKNUA6
grabfood,5-C6JJHFD1GTMGTN,Ăn vặt & cá viên chiên Vương Phát,,Ăn vặt & cá viên chiên Vương Phát,Ăn Vặt & Cá Viên Chiên Vương Phát,10.77902094059659,106.67651000902796,4.9,3640,True,https://food.grab.com/vn/vi/restaurant/5-C6JJHFD1GTMGTN
grabfood,5-C6N2EVDWNXEZLT,Phá Lấu Bò Như Ý,,Phá Lấu Bò Như Ý,Phá Lấu Bò Như Ý,10.753698,106.658334,,,True,https://food.grab.com/vn/vi/restaurant/5-C6N2EVDWNXEZLT
grabfood,5-C731GZECJVJACA,"Bự Bakery - Bánh Nướng Ngàn Lớp, Bánh Bao & Dimsum",,"Bự Bakery - Bánh Nướng Ngàn Lớp, Bánh Bao & Dimsum",Bánh Bao & Dimsum,10.782293125796144,106.61467080253925,5.0,12,True,https://food.grab.com/vn/vi/restaurant/5-C731GZECJVJACA
grabfood,5-C74TA6TWATATJ6,Bếp Nhà Hương,,Bếp Nhà Hương,Bếp Nhà Hương,10.779677777274346,106.63979037844217,5.0,1,True,https://food.grab.com/vn/vi/restaurant/5-C74TA6TWATATJ6
grabfood,5-C6TUDFUHVZCXLJ,Lý Tửu Quán,,Lý Tửu Quán,Lý Tửu Quán,10.75085,106.645088,,,True,https://food.grab.com/vn/vi/restaurant/5-C6TUDFUHVZCXLJ
grabfood,5-C6N3CVMTSFKZFA,Mì cay Hwasan - Phan Văn Năm,,Mì cay Hwasan - Phan Văn Năm,Mì Cay Hwasan - Phan Văn Năm,10.779481765219373,106.62922859494387,4.8,952,True,https://food.grab.com/vn/vi/restaurant/5-C6N3CVMTSFKZFA
grabfood,5-C7N3CEXAVKNAE6,Súp Cua Lúc Anh - Lúc Chị,,Súp Cua Lúc Anh - Lúc Chị,Súp Cua Lúc Anh - Lúc Chị,10.750283,106.649517,4.5,106,True,https://food.grab.com/vn/vi/restaurant/5-C7N3CEXAVKNAE6
grabfood,5-C25FEGLZV7MJPE,Bánh mì Hà Nội - Hưng Thuý,,Bánh mì Hà Nội - Hưng Thuý,Bánh Mì Hà Nội - Hưng Thuý,10.798878,106.63198,4.7,3037,True,https://food.grab.com/vn/vi/restaurant/5-C25FEGLZV7MJPE
grabfood,5-C2UXBAWDTY43TJ,Xiên Nướng 99,,Xiên Nướng 99,Xiên Nướng 99,10.767627437095669,106.61711268445765,4.0,58,True,https://food.grab.com/vn/vi/restaurant/5-C2UXBAWDTY43TJ
grabfood,5-C6DAVEBBJBE1LN,Trạm Gà Rán - 24H Station,,Trạm Gà Rán - 24H Station,Trạm Gà Rán - 24H Station,10.777882,106.629057,4.4,4280,True,https://food.grab.com/vn/vi/restaurant/5-C6DAVEBBJBE1LN
grabfood,5-C6LULGKTFAMJRT,Tré Trộn Chân Gà Rút Xương Sốt Thái Ngọc Loan,,Tré Trộn Chân Gà Rút Xương Sốt Thái Ngọc Loan,Tré Trộn Chân Gà Rút Xương Sốt Thái Ngọc Loan,10.775193,106.638065,4.7,230,True,https://food.grab.com/vn/vi/restaurant/5-C6LULGKTFAMJRT
grabfood,5-C7J3RY4VG2XYCN,Thế Giới Ăn Vặt Heo Con - Cá Viên Chiên - Trà Sữa - Trà Trái Cây - Mì Trộn,,Thế Giới Ăn Vặt Heo Con - Cá Viên Chiên - Trà Sữa - Trà Trái Cây - Mì Trộn,Thế Giới Ăn Vặt Heo Con - Cá Viên Chiên - Trà Sữa - Trà Trái Cây - Mì Trộn,10.808547,106.624847,4.8,211,True,https://food.grab.com/vn/vi/restaurant/5-C7J3RY4VG2XYCN
grabfood,5-C3EEJA6BFFE3BE,Ăn Vặt & Cá Viên Chiên Đại Phát CMT8,,Ăn Vặt & Cá Viên Chiên Đại Phát CMT8,Ăn Vặt & Cá Viên Chiên Đại Phát Cmt8,10.792401,106.658257,4.8,5744,True,https://food.grab.com/vn/vi/restaurant/5-C3EEJA6BFFE3BE
grabfood,5-C74GA3JFNCDGLA,Bánh Kem Ngọc Anh,,Bánh Kem Ngọc Anh,Bánh Kem Ngọc Anh,10.786224003055281,106.64146971812988,5.0,3,True,https://food.grab.com/vn/vi/restaurant/5-C74GA3JFNCDGLA
grabfood,5-C74AN6CDDA3FCJ,Trà Sữa Linh Mèo,,Trà Sữa Linh Mèo,Trà Sữa Linh Mèo,10.770525,106.6427419,5.0,4,True,https://food.grab.com/vn/vi/restaurant/5-C74AN6CDDA3FCJ
grabfood,5-C4CEBEMUT3LKRT,Cơm Tấm Tài - Phan Huy Ích,,Cơm Tấm Tài - Phan Huy Ích,Cơm Tấm Tài - Phan Huy Ích,10.829198,106.632501,4.2,3163,True,https://food.grab.com/vn/vi/restaurant/5-C4CEBEMUT3LKRT
grabfood,5-C7TCCJDFEB2URN,Nhà Có Mì - Mì Trộn & Ăn Vặt - Đồng Xoài,,Nhà Có Mì - Mì Trộn & Ăn Vặt - Đồng Xoài,Nhà Có Mì - Mì Trộn & Ăn Vặt - Đồng Xoài,10.8013299,106.6454594,4.9,110,True,https://food.grab.com/vn/vi/restaurant/5-C7TCCJDFEB2URN
grabfood,5-C6J3RJEBLAMCVA,Trạm Burger - 24H Station,,Trạm Burger - 24H Station,Trạm Burger - 24H Station,10.777926,106.629108,4.4,973,True,https://food.grab.com/vn/vi/restaurant/5-C6J3RJEBLAMCVA
grabfood,5-C3K1C35AUAJTBE,Trà sữa Tutimi Đồng Đen,,Trà sữa Tutimi Đồng Đen,Trà Sữa Tutimi Đồng Đen,10.79467529,106.6450871,4.7,1274,True,https://food.grab.com/vn/vi/restaurant/5-C3K1C35AUAJTBE
grabfood,5-C7JJL36EVVAVVJ,TRÀ SỮA VIÊN VIÊN - TÂN QUÝ,,TRÀ SỮA VIÊN VIÊN - TÂN QUÝ,Trà Sữa Viên Viên - Tân Quý,10.796073,106.620035,4.2,456,True,https://food.grab.com/vn/vi/restaurant/5-C7JJL36EVVAVVJ
grabfood,5-C2EFJKUXNK4GC6,Tiệm Bánh Đồng Xu Ruby - Trà Chanh Giã Tay,,Tiệm Bánh Đồng Xu Ruby - Trà Chanh Giã Tay,Tiệm Bánh Đồng Xu Ruby - Trà Chanh Giã Tay,10.793892,106.651679,4.3,233,True,https://food.grab.com/vn/vi/restaurant/5-C2EFJKUXNK4GC6
grabfood,5-C7BXHGNECJ22FE,Cá Viên Chiên - Ăn Vặt Cà Thơi 2 - Trần Văn Đang,,Cá Viên Chiên - Ăn Vặt Cà Thơi 2 - Trần Văn Đang,Cá Viên Chiên - Ăn Vặt Cà Thơi 2 - Trần Văn Đang,10.785335,106.673866,4.9,619,True,https://food.grab.com/vn/vi/restaurant/5-C7BXHGNECJ22FE
grabfood,5-C6VAJK6WRZNWLT,CHÁO ẾCH SINGAPORE ĐẠI PHÚC,,CHÁO ẾCH SINGAPORE ĐẠI PHÚC,Cháo Ếch Singapore Đại Phúc,10.727451,106.733032,3.7,288,True,https://food.grab.com/vn/vi/restaurant/5-C6VAJK6WRZNWLT
grabfood,5-C6WCCPNHRUJDTJ,"Xiên Nướng Lý Tửu Quán Đường Số 40, Quận 7",,"Xiên Nướng Lý Tửu Quán Đường Số 40, Quận 7",Quận 7,10.738996,106.711235,3.7,927,True,https://food.grab.com/vn/vi/restaurant/5-C6WCCPNHRUJDTJ
grabfood,5-C64VRU63UEUFTE,BÚN THỊT NƯỚNG HÀ NỘI,,BÚN THỊT NƯỚNG HÀ NỘI,Bún Thịt Nướng Hà Nội,10.753387621893523,106.70471668069501,4.4,991,True,https://food.grab.com/vn/vi/restaurant/5-C64VRU63UEUFTE
grabfood,5-C6MZLB4YBFCFHA,Mì - Bún Bò -Phở Bắc Hải-736 Huỳnh Tấn Phát Hồ Chí Minh City Việt Nam,,Mì - Bún Bò -Phở Bắc Hải-736 Huỳnh Tấn Phát Hồ Chí Minh City Việt Nam,Mì - Bún Bò -Phở Bắc Hải-736 Huỳnh Tấn Phát Hồ Chí Minh City Việt Nam,10.7317181,106.7314539,4.5,974,True,https://food.grab.com/vn/vi/restaurant/5-C6MZLB4YBFCFHA
grabfood,5-C7LURBD1GTXXFE,KIMSMAN - Chinese restaurant,,KIMSMAN - Chinese restaurant,Kimsman - Chinese Restaurant,10.736162,106.717171,4.3,316,True,https://food.grab.com/vn/vi/restaurant/5-C7LURBD1GTXXFE
grabfood,5-C7UYEA6FECM3JT,Xing Fu Li - Chinese Restaurant,,Xing Fu Li - Chinese Restaurant,Xing Fu Li - Chinese Restaurant,10.740227889087688,106.7135598230646,4.5,241,True,https://food.grab.com/vn/vi/restaurant/5-C7UYEA6FECM3JT
grabfood,5-C64VRU63SEWCCA,Bún Chả Hà Nội Phố,,Bún Chả Hà Nội Phố,Bún Chả Hà Nội Phố,10.753513568684639,106.70482568260934,4.4,1007,True,https://food.grab.com/vn/vi/restaurant/5-C64VRU63SEWCCA
grabfood,5-C4NBGVMJFAXAGX,Quán Cơm 88 - Nguyễn Thị Thập,,Quán Cơm 88 - Nguyễn Thị Thập,Quán Cơm 88 - Nguyễn Thị Thập,10.738004516820979,106.72324320012439,4.3,178,True,https://food.grab.com/vn/vi/restaurant/5-C4NBGVMJFAXAGX
grabfood,5-C7BKNZNGRNMKE6,Chinese Food - Xuân ngon,,Chinese Food - Xuân ngon,Chinese Food - Xuân Ngon,10.741376210773886,106.72489929569213,4.3,126,True,https://food.grab.com/vn/vi/restaurant/5-C7BKNZNGRNMKE6
grabfood,5-C4LGNB6GRUXKKA,BÁNH MÌ TÔ - BÒ KHO & XÍU MẠI & LAGU - ĐƯỜNG TÂN VĨNH,,BÁNH MÌ TÔ - BÒ KHO & XÍU MẠI & LAGU - ĐƯỜNG TÂN VĨNH,Bánh Mì Tô - Bò Kho & Xíu Mại & Lagu - Đường Tân Vĩnh,10.75729611028224,106.70169258468417,4.2,2025,True,https://food.grab.com/vn/vi/restaurant/5-C4LGNB6GRUXKKA
grabfood,5-C7WFVJMBUECJET,"JEONTONG Chicken - Gà Truyền Thống, 573 Lê Văn Lương",,"JEONTONG Chicken - Gà Truyền Thống, 573 Lê Văn Lương",573 Lê Văn Lương,10.733732081967746,106.70177150727737,4.5,21,True,https://food.grab.com/vn/vi/restaurant/5-C7WFVJMBUECJET
grabfood,5-C7MZLF6TNETBWA,LÒ BÁNH MÌ SÁU MẬP - Nguyễn Thị Thập,,LÒ BÁNH MÌ SÁU MẬP - Nguyễn Thị Thập,Lò Bánh Mì Sáu Mập - Nguyễn Thị Thập,10.738253,106.716194,4.3,118,True,https://food.grab.com/vn/vi/restaurant/5-C7MZLF6TNETBWA
grabfood,5-C7WFPGDZTT6JVA,Ốc Chi 25K,,Ốc Chi 25K,Ốc Chi 25K,10.7503569,106.7159112,4.4,29,True,https://food.grab.com/vn/vi/restaurant/5-C7WFPGDZTT6JVA
grabfood,5-C7UTVPAYTEUGG6,Gold Rice Bowl - Chinese Restaurant,,Gold Rice Bowl - Chinese Restaurant,Gold Rice Bowl - Chinese Restaurant,10.74003138358215,106.71371433910667,4.5,173,True,https://food.grab.com/vn/vi/restaurant/5-C7UTVPAYTEUGG6
grabfood,5-C7LJTXBTE24BME,Fabel - Mì Trộn Cay Bập Bùm,,Fabel - Mì Trộn Cay Bập Bùm,Fabel - Mì Trộn Cay Bập Bùm,10.7491269302038,106.70661802866789,4.7,33,True,https://food.grab.com/vn/vi/restaurant/5-C7LJTXBTE24BME
grabfood,5-C6BUGBLUCA53VJ,XuKa Quán -Mì Trộn Gà Rán Trà Sữa Cá Viên Chiên,,XuKa Quán -Mì Trộn Gà Rán Trà Sữa Cá Viên Chiên,Xuka Quán -Mì Trộn Gà Rán Trà Sữa Cá Viên Chiên,10.741737,106.724252,4.8,766,True,https://food.grab.com/vn/vi/restaurant/5-C6BUGBLUCA53VJ
grabfood,5-C6MKR6KUNJAFC2,WOK OF LOVE - PHÚ MỸ HƯNG Q7,,WOK OF LOVE - PHÚ MỸ HƯNG Q7,Wok Of Love - Phú Mỹ Hưng Q7,10.731490344810936,106.70670958906646,4.8,891,True,https://food.grab.com/vn/vi/restaurant/5-C6MKR6KUNJAFC2
grabfood,5-C7XJVNEBGGLDRN,Trái Cây Cắt Sẵn 247 - 24h Fruit,,Trái Cây Cắt Sẵn 247 - 24h Fruit,Trái Cây Cắt Sẵn 247 - 24H Fruit,10.749130059479846,106.73119290034516,4.9,112,True,https://food.grab.com/vn/vi/restaurant/5-C7XJVNEBGGLDRN
grabfood,5-C74UT23TLUC2CA,Cháo Lòng - Lẩu Lòng - Lòng Trần,,Cháo Lòng - Lẩu Lòng - Lòng Trần,Cháo Lòng - Lẩu Lòng - Lòng Trần,10.759542,106.711502,4.5,1951,True,https://food.grab.com/vn/vi/restaurant/5-C74UT23TLUC2CA
grabfood,5-C6UXLAAFR2DTV6,V GAMING FOOD 24/7,,V GAMING FOOD 24/7,V Gaming Food 24/7,10.737733278149932,106.72788222694084,4.4,211,True,https://food.grab.com/vn/vi/restaurant/5-C6UXLAAFR2DTV6
grabfood,5-C73WTVLVNYJDJ2,Trà sữa Tiny - 620 Huỳnh Tấn Phát,,Trà sữa Tiny - 620 Huỳnh Tấn Phát,Trà Sữa Tiny - 620 Huỳnh Tấn Phát,10.734587664586812,106.730801538582,4.9,10,True,https://food.grab.com/vn/vi/restaurant/5-C73WTVLVNYJDJ2
grabfood,5-C3WWNT6JVJDDA6,"BEO FOOD - Mì Trộn Indomie, Mì Cay Hàn Quốc & Gà Rán",,"BEO FOOD - Mì Trộn Indomie, Mì Cay Hàn Quốc & Gà Rán",Mì Cay Hàn Quốc & Gà Rán,10.743249,106.708629,4.7,806,True,https://food.grab.com/vn/vi/restaurant/5-C3WWNT6JVJDDA6
grabfood,5-CZL3FFWJNECUVN,Ốc Nhung 25K,,Ốc Nhung 25K,Ốc Nhung 25K,10.745438321298806,106.7087523,4.5,2143,True,https://food.grab.com/vn/vi/restaurant/5-CZL3FFWJNECUVN
grabfood,5-C74CLAVYCENCKE,Lắc Lư Quán - Chân gà rút xương - Đường số 51,,Lắc Lư Quán - Chân gà rút xương - Đường số 51,Lắc Lư Quán - Chân Gà Rút Xương - Đường Số 51,10.7410414,106.714749,4.8,4,True,https://food.grab.com/vn/vi/restaurant/5-C74CLAVYCENCKE
grabfood,VNGFVN0000082n,Cháo Lòng Miền Tây - Lê Văn Lương,,Cháo Lòng Miền Tây - Lê Văn Lương,Cháo Lòng Miền Tây - Lê Văn Lương,10.7492835,106.704973,4.0,2854,True,https://food.grab.com/vn/vi/restaurant/VNGFVN0000082n
grabfood,5-C7UFAXTZJFXGVA,Gỏi cuốn - Bò bía - Bún thịt nướng Anh Vũ,,Gỏi cuốn - Bò bía - Bún thịt nướng Anh Vũ,Gỏi Cuốn - Bò Bía - Bún Thịt Nướng Anh Vũ,10.735337,106.729404,3.8,71,True,https://food.grab.com/vn/vi/restaurant/5-C7UFAXTZJFXGVA
grabfood,5-C7NYJ2AVJYDYGN,Hồng Trà Ngô Gia - 460 Nguyễn Thị Thập,,Hồng Trà Ngô Gia - 460 Nguyễn Thị Thập,Hồng Trà Ngô Gia - 460 Nguyễn Thị Thập,10.739466946192492,106.70708564481846,4.6,203,True,https://food.grab.com/vn/vi/restaurant/5-C7NYJ2AVJYDYGN
grabfood,5-C731EP6TEGE2N2,"Tiệm Trà Xanh Đánh - Matcha, Coffee & Tea",,"Tiệm Trà Xanh Đánh - Matcha, Coffee & Tea",Coffee & Tea,10.7356462,106.7390133,5.0,4,True,https://food.grab.com/vn/vi/restaurant/5-C731EP6TEGE2N2
grabfood,5-CZEFVRJUJZECA6,Chuối Chiên Mè - Khoai Lang Lắc,,Chuối Chiên Mè - Khoai Lang Lắc,Chuối Chiên Mè - Khoai Lang Lắc,10.743517,106.72007,4.5,865,True,https://food.grab.com/vn/vi/restaurant/5-CZEFVRJUJZECA6
grabfood,5-C6JXFEJBC7NXNT,Lẩu Cá 69k - 209 Trần Xuân Soạn,,Lẩu Cá 69k - 209 Trần Xuân Soạn,Lẩu Cá 69K - 209 Trần Xuân Soạn,10.752304,106.718255,4.8,690,True,https://food.grab.com/vn/vi/restaurant/5-C6JXFEJBC7NXNT
grabfood,5-C6VJG2BENXXECE,Hồng Trà Ngô Gia 315 Huỳnh Tấn Phát,,Hồng Trà Ngô Gia 315 Huỳnh Tấn Phát,Hồng Trà Ngô Gia 315 Huỳnh Tấn Phát,10.75141,106.728664,4.5,580,True,https://food.grab.com/vn/vi/restaurant/5-C6VJG2BENXXECE
grabfood,5-C7DUBEVEKFUFDA,Hủ Tiếu Mực Phú Bến Tre - nguyễn thị thập,,Hủ Tiếu Mực Phú Bến Tre - nguyễn thị thập,Hủ Tiếu Mực Phú Bến Tre - Nguyễn Thị Thập,10.737786,106.726646,4.4,471,True,https://food.grab.com/vn/vi/restaurant/5-C7DUBEVEKFUFDA
grabfood,5-C7UTUBBYAF3WT2,Cơm Chiên Chảo Lửa,,Cơm Chiên Chảo Lửa,Cơm Chiên Chảo Lửa,10.732396440427735,106.70003465881587,,,True,https://food.grab.com/vn/vi/restaurant/5-C7UTUBBYAF3WT2
grabfood,5-C733VKMWR76CAX,"Ka Coffee, Matcha & Tea",,"Ka Coffee, Matcha & Tea",Matcha & Tea,10.746868,106.709588,4.8,27,True,https://food.grab.com/vn/vi/restaurant/5-C733VKMWR76CAX
grabfood,5-C3C2J6N2JRNAAX,"Chân Gà Sốt Thái, Trứng Non - Cá Viên Chiên Nước Mắm",,"Chân Gà Sốt Thái, Trứng Non - Cá Viên Chiên Nước Mắm",Trứng Non - Cá Viên Chiên Nước Mắm,10.759449203000472,106.70911010624877,4.7,40,True,https://food.grab.com/vn/vi/restaurant/5-C3C2J6N2JRNAAX
grabfood,5-C73UEY4EBF43SA,JEJU CHICKEN - GÀ RÁN HÀN QUỐC - CN PHÚ MỸ HƯNG,,JEJU CHICKEN - GÀ RÁN HÀN QUỐC - CN PHÚ MỸ HƯNG,Jeju Chicken - Gà Rán Hàn Quốc - Cn Phú Mỹ Hưng,10.730309055404165,106.70887388080749,4.6,161,True,https://food.grab.com/vn/vi/restaurant/5-C73UEY4EBF43SA
grabfood,5-C65JNVJ2BF6ZAT,QUÁN ỐC THÀNH ĐẠT - HUỲNH TẤN PHÁT,,QUÁN ỐC THÀNH ĐẠT - HUỲNH TẤN PHÁT,Quán Ốc Thành Đạt - Huỳnh Tấn Phát,10.7266407,106.7377589,4.4,201,True,https://food.grab.com/vn/vi/restaurant/5-C65JNVJ2BF6ZAT
grabfood,5-C7MKMCDXJNXXPA,Cơm Tấm - Mì Trộn - Kim Toàn,,Cơm Tấm - Mì Trộn - Kim Toàn,Cơm Tấm - Mì Trộn - Kim Toàn,10.741525509957306,106.73052779999999,5.0,4,True,https://food.grab.com/vn/vi/restaurant/5-C7MKMCDXJNXXPA
grabfood,5-C4A3TBEJL661LN,Mì Cay - Bún Đậu Mắm Tôm - Ăn Vặt Lu Na,,Mì Cay - Bún Đậu Mắm Tôm - Ăn Vặt Lu Na,Mì Cay - Bún Đậu Mắm Tôm - Ăn Vặt Lu Na,10.747842187058268,106.70868839426953,4.4,573,True,https://food.grab.com/vn/vi/restaurant/5-C4A3TBEJL661LN
grabfood,5-C73VTZMDC8JFKE,KIMGANE KIMBAP NHÀ HỌ KIM,,KIMGANE KIMBAP NHÀ HỌ KIM,Kimgane Kimbap Nhà Họ Kim,10.73183847309376,106.70806998819461,4.7,9,True,https://food.grab.com/vn/vi/restaurant/5-C73VTZMDC8JFKE
grabfood,5-C4B2TABAA8KKJT,Xiên Que Mon Mon,,Xiên Que Mon Mon,Xiên Que Mon Mon,10.736234,106.723602,4.2,5,True,https://food.grab.com/vn/vi/restaurant/5-C4B2TABAA8KKJT
grabfood,5-C73WWEUYNKXCRT,Bánh Tráng Xiu Xiu,,Bánh Tráng Xiu Xiu,Bánh Tráng Xiu Xiu,10.722786,106.735832,,,True,https://food.grab.com/vn/vi/restaurant/5-C73WWEUYNKXCRT
grabfood,5-C7BAEU6HE2BDNN,Ti's Food - Tu Oppa Chicken,,Ti's Food - Tu Oppa Chicken,Ti'S Food - Tu Oppa Chicken,10.744583,106.730743,4.7,391,True,https://food.grab.com/vn/vi/restaurant/5-C7BAEU6HE2BDNN
grabfood,5-C733TBXEV2MHAT,Chuanxiaochu Chinese Restaurant Phú Mỹ Hưng,,Chuanxiaochu Chinese Restaurant Phú Mỹ Hưng,Chuanxiaochu Chinese Restaurant Phú Mỹ Hưng,10.731467,106.707203,,,True,https://food.grab.com/vn/vi/restaurant/5-C733TBXEV2MHAT
grabfood,5-C6CJNT3JUGLDEJ,Trà Sữa HongKong Baley - Nguyễn Thị Thập,,Trà Sữa HongKong Baley - Nguyễn Thị Thập,Trà Sữa Hongkong Baley - Nguyễn Thị Thập,10.73835800618641,106.7138526351171,4.8,465,True,https://food.grab.com/vn/vi/restaurant/5-C6CJNT3JUGLDEJ
grabfood,5-C3NWLGM1NGABR6,3 Râu - Gà Rán & Pizza & Trà Sữa Và Rau Má Mix - 289 Tôn Đản,,3 Râu - Gà Rán & Pizza & Trà Sữa Và Rau Má Mix - 289 Tôn Đản,3 Râu - Gà Rán & Pizza & Trà Sữa Và Rau Má Mix - 289 Tôn Đản,10.75545,106.70586,4.4,867,True,https://food.grab.com/vn/vi/restaurant/5-C3NWLGM1NGABR6
grabfood,5-C4NDTAAFNPXYVJ,Sinh Tố & Nước Ép - Quán Tân Mỹ,,Sinh Tố & Nước Ép - Quán Tân Mỹ,Sinh Tố & Nước Ép - Quán Tân Mỹ,10.73772507218041,106.71819658170455,4.8,601,True,https://food.grab.com/vn/vi/restaurant/5-C4NDTAAFNPXYVJ
grabfood,5-C2BUT651ALC3FA,Bánh Mì Phượng Hoàng,,Bánh Mì Phượng Hoàng,Bánh Mì Phượng Hoàng,10.737271462434194,106.7183100777084,4.0,2294,True,https://food.grab.com/vn/vi/restaurant/5-C2BUT651ALC3FA
grabfood,5-C35ADGNGBAM1L6,Cơm Gà Xối Mỡ Yes Yes,,Cơm Gà Xối Mỡ Yes Yes,Cơm Gà Xối Mỡ Yes Yes,10.731889,106.700132,3.5,760,True,https://food.grab.com/vn/vi/restaurant/5-C35ADGNGBAM1L6
grabfood,5-C731GGDADF4FE6,18Wan Chuan Xiang Phú Mỹ Hưng,,18Wan Chuan Xiang Phú Mỹ Hưng,18Wan Chuan Xiang Phú Mỹ Hưng,10.731421750000267,106.70713850000176,5.0,1,True,https://food.grab.com/vn/vi/restaurant/5-C731GGDADF4FE6
grabfood,5-C74CFB4HETU1NA,Tiệm lẩu gà cua,,Tiệm lẩu gà cua,Tiệm Lẩu Gà Cua,10.7554305,106.7019297,,,True,https://food.grab.com/vn/vi/restaurant/5-C74CFB4HETU1NA
grabfood,5-C74VT3BBCTTFTA,Shi Lai Yunzhuan,,Shi Lai Yunzhuan,Shi Lai Yunzhuan,10.752110635117504,106.72340865277909,5.0,2,True,https://food.grab.com/vn/vi/restaurant/5-C74VT3BBCTTFTA
grabfood,5-C4CKTXTFGALTLN,BEO Noodle - Mì Trộn Indo & Mì Xào,,BEO Noodle - Mì Trộn Indo & Mì Xào,Beo Noodle - Mì Trộn Indo & Mì Xào,10.743155,106.708455,4.8,1640,True,https://food.grab.com/vn/vi/restaurant/5-C4CKTXTFGALTLN
grabfood,5-C7X2NEWAKGDKJA,"Cô 2 Ú - Mỳ Cay, Mỳ Xào, Mỳ Trộn, Trà Trái Cây Dằm",,"Cô 2 Ú - Mỳ Cay, Mỳ Xào, Mỳ Trộn, Trà Trái Cây Dằm",Trà Trái Cây Dằm,10.7446335,106.7166882,4.4,54,True,https://food.grab.com/vn/vi/restaurant/5-C7X2NEWAKGDKJA
grabfood,5-C73XAPCGARCCR6,ATom - Ăn vặt & Gà ủ muối Ngọ,,ATom - Ăn vặt & Gà ủ muối Ngọ,Atom - Ăn Vặt & Gà Ủ Muối Ngọ,10.749140087066394,106.70661598215975,5.0,1,True,https://food.grab.com/vn/vi/restaurant/5-C73XAPCGARCCR6
grabfood,5-C2AASFLWCXUFWE,Trà Đào Tí Nỵ,,Trà Đào Tí Nỵ,Trà Đào Tí Nỵ,10.74418,106.713616,4.8,5187,True,https://food.grab.com/vn/vi/restaurant/5-C2AASFLWCXUFWE
grabfood,5-CZNDJT5BSBWAEJ,"TƯ - SINH TỐ, NƯỚC ÉP, RAU MÁ - LÝ PHỤC MAN",,"TƯ - SINH TỐ, NƯỚC ÉP, RAU MÁ - LÝ PHỤC MAN",Rau Má - Lý Phục Man,10.74336,106.72761197,4.3,61,True,https://food.grab.com/vn/vi/restaurant/5-CZNDJT5BSBWAEJ
grabfood,5-C7KDCABTAVJGCJ,Hi Restaurant/Chinese Food,,Hi Restaurant/Chinese Food,Hi Restaurant/Chinese Food,10.761647,106.702255,4.0,289,True,https://food.grab.com/vn/vi/restaurant/5-C7KDCABTAVJGCJ
grabfood,5-C74DKFEKL652TX,Ăn Vặt Bếp Nhà Na,,Ăn Vặt Bếp Nhà Na,Ăn Vặt Bếp Nhà Na,10.7428707,106.7141283,4.0,2,True,https://food.grab.com/vn/vi/restaurant/5-C74DKFEKL652TX
grabfood,5-C73KVENDVT6TRX,Bếp Nhà Na - Tokkboki & Chân gà Q7 - Lê Văn Lương,,Bếp Nhà Na - Tokkboki & Chân gà Q7 - Lê Văn Lương,Bếp Nhà Na - Tokkboki & Chân Gà Q7 - Lê Văn Lương,10.7492508,106.7065424,5.0,9,True,https://food.grab.com/vn/vi/restaurant/5-C73KVENDVT6TRX
grabfood,5-C74EEEADEBWXBE,JOKBAL - CANH SƯỜN,,JOKBAL - CANH SƯỜN,Jokbal - Canh Sườn,10.7321666,106.7079253,,,True,https://food.grab.com/vn/vi/restaurant/5-C74EEEADEBWXBE
grabfood,5-C731HFJKEKWJPA,Bếp Ăn - Cô Thư Đường 81 Q7,,Bếp Ăn - Cô Thư Đường 81 Q7,Bếp Ăn - Cô Thư Đường 81 Q7,10.7400699,106.7074021,5.0,2,True,https://food.grab.com/vn/vi/restaurant/5-C731HFJKEKWJPA
grabfood,5-C74CL3TJVRLKT2,Trà Đậm Vị Chà Chà Chà - Huỳnh Tấn Phát,,Trà Đậm Vị Chà Chà Chà - Huỳnh Tấn Phát,Trà Đậm Vị Chà Chà Chà - Huỳnh Tấn Phát,10.723804,106.738945,5.0,8,True,https://food.grab.com/vn/vi/restaurant/5-C74CL3TJVRLKT2
grabfood,5-C74GTE21FGEBC2,Dê FOOD 1991,,Dê FOOD 1991,Dê Food 1991,10.729389796075848,106.7342162423282,5.0,1,True,https://food.grab.com/vn/vi/restaurant/5-C74GTE21FGEBC2
grabfood,5-C6WWEKCGT8JWJJ,Cháo Ếch Singapore A Bảo - Lương Hữu Khánh,,Cháo Ếch Singapore A Bảo - Lương Hữu Khánh,Cháo Ếch Singapore A Bảo - Lương Hữu Khánh,10.768259,106.688278,4.4,1296,True,https://food.grab.com/vn/vi/restaurant/5-C6WWEKCGT8JWJJ
grabfood,5-C6JDAGE1A2MTV6,Cà Phê Muối Chú Long - Classic,,Cà Phê Muối Chú Long - Classic,Cà Phê Muối Chú Long - Classic,10.738691,106.703291,4.5,996,True,https://food.grab.com/vn/vi/restaurant/5-C6JDAGE1A2MTV6
grabfood,5-C65YC7MXGNAZEA,398 Chaoheyou Restaurant,,398 Chaoheyou Restaurant,398 Chaoheyou Restaurant,10.761368179042748,106.70219301962828,4.0,334,True,https://food.grab.com/vn/vi/restaurant/5-C65YC7MXGNAZEA
grabfood,5-C7VBL3CHELKEJN,Fu - Panda,,Fu - Panda,Fu - Panda,10.73189,106.709811,4.0,75,True,https://food.grab.com/vn/vi/restaurant/5-C7VBL3CHELKEJN
grabfood,5-C74AVNJTVXUUTN,Tiệm Trà Sữa Màu Vàng-Trà Mãng cầu-Trần Xuân Soạn - Trần Xuân Soạn,,Tiệm Trà Sữa Màu Vàng-Trà Mãng cầu-Trần Xuân Soạn - Trần Xuân Soạn,Tiệm Trà Sữa Màu Vàng-Trà Mãng Cầu-Trần Xuân Soạn - Trần Xuân Soạn,10.7517451,106.7021296,5.0,2,True,https://food.grab.com/vn/vi/restaurant/5-C74AVNJTVXUUTN
grabfood,5-C4DKAFWEDA4CTE,Đạt Quán,,Đạt Quán,Đạt Quán,10.741615,106.73239,4.4,13,True,https://food.grab.com/vn/vi/restaurant/5-C4DKAFWEDA4CTE
grabfood,5-C4AFTABCFEW3C2,CHIMICO - Cơm Chuẩn Vị Hàn - Nguyễn Trãi,,CHIMICO - Cơm Chuẩn Vị Hàn - Nguyễn Trãi,Chimico - Cơm Chuẩn Vị Hàn - Nguyễn Trãi,10.763192,106.685722,,,True,https://food.grab.com/vn/vi/restaurant/5-C4AFTABCFEW3C2
grabfood,5-C3JTG2ADC3LERT,Món ăn vặt Anh Thư,,Món ăn vặt Anh Thư,Món Ăn Vặt Anh Thư,10.740419,106.727982,4.2,76,True,https://food.grab.com/vn/vi/restaurant/5-C3JTG2ADC3LERT
grabfood,5-C7AWELJKAYXWBA,Bún Đậu Hẻm Chùa,,Bún Đậu Hẻm Chùa,Bún Đậu Hẻm Chùa,10.75868,106.6898,4.6,919,True,https://food.grab.com/vn/vi/restaurant/5-C7AWELJKAYXWBA
